use riel_producao;

INSERT INTO `CaracteristicaValor` (`CaracteristicaValorId`, `CaracteristicaId`, `Valor`, `Label`, `Exibicao`, `Status`) VALUES
	(4804, 3947, 'Sim', 'Sim', NULL, 1),
	(4808, 3964, 'Sim', 'Sim', NULL, 1),
	(4810, 3966, 'Sim', 'Sim', NULL, 1),
	(4812, 3967, 'Sim', 'Sim', NULL, 1),
	(4814, 3969, 'Sim', 'Sim', NULL, 1),
	(4816, 3970, 'Sim', 'Sim', NULL, 1),
	(4819, 3972, 'Não', 'Não', NULL, 1),
	(4822, 3975, 'Sim', 'Sim', NULL, 1),
	(4824, 3976, 'Sim', 'Sim', NULL, 1),
	(4830, 3982, 'Sim', 'Sim', NULL, 1),
	(4832, 3985, 'Sim', 'Sim', NULL, 1),
	(4842, 3995, 'Sim', 'Sim', NULL, 1),
	(4845, 3996, 'Não', 'Não', NULL, 1),
	(4846, 3999, 'Sim', 'Sim', NULL, 1),
	(4852, 4004, 'Sim', 'Sim', NULL, 1),
	(4854, 4005, 'Sim', 'Sim', NULL, 1),
	(7584, 5789, 'Alfanumérico', 'Alfanumérico', NULL, 1),
	(7585, 5789, 'QWERTY Completo', 'QWERTY Completo', NULL, 1),
	(7624, 5791, 'Não', 'Não', NULL, 1),
	(7625, 5792, 'Sim', 'Sim', NULL, 1),
	(7629, 5795, 'Sim', 'Sim', NULL, 1),
	(7630, 5795, 'Não', 'Não', NULL, 1),
	(7631, 5796, 'Sim', 'Sim', NULL, 1),
	(7632, 5796, 'Não', 'Não', NULL, 1),
	(7634, 5797, 'Não', 'Não', NULL, 1),
	(7635, 5798, 'Sim', 'Sim', NULL, 1),
	(7636, 5798, 'Não', 'Não', NULL, 1),
	(7639, 5799, 'Sim', 'Sim', NULL, 1),
	(7641, 5800, 'Sim', 'Sim', NULL, 1),
	(7644, 5801, 'Não', 'Não', NULL, 1),
	(7645, 5802, 'Dual Band', 'Dual Band', NULL, 1),
	(7648, 5803, 'Sim', 'Sim', NULL, 1),
	(7652, 5804, 'Sim', 'Sim', NULL, 1),
	(7653, 5804, 'Não', 'Não', NULL, 1),
	(7654, 5805, 'Sim', 'Sim', NULL, 1),
	(7657, 5806, 'Não', 'Não', NULL, 1),
	(7658, 5807, 'Sim', 'Sim', NULL, 1),
	(7659, 5807, 'Não', 'Não', NULL, 1),
	(7661, 5812, 'Não', 'Não', NULL, 1),
	(7665, 5813, 'Não', 'Não', NULL, 1),
	(7667, 5814, 'Não', 'Não', NULL, 1),
	(7669, 5815, 'Não', 'Não', NULL, 1),
	(7671, 5816, 'Não', 'Não', NULL, 1),
	(7673, 5817, 'Não', 'Não', NULL, 1),
	(7678, 5821, 'Sim', 'Sim', NULL, 1),
	(7680, 5822, 'Sim', 'Sim', NULL, 1),
	(7681, 5822, 'Não', 'Não', NULL, 1),
	(7684, 5824, 'Sim', 'Sim', NULL, 1),
	(7691, 5827, 'Não', 'Não', NULL, 1),
	(7692, 5828, 'Sim', 'Sim', NULL, 1),
	(7694, 5829, 'Sim', 'Sim', NULL, 1),
	(7697, 5830, 'Não', 'Não', NULL, 1),
	(7700, 5832, 'Sim', 'Sim', NULL, 1),
	(7702, 5833, 'Sim', 'Sim', NULL, 1),
	(7704, 5834, 'Sim', 'Sim', NULL, 1),
	(7706, 5835, 'Sim', 'Sim', NULL, 1),
	(7708, 5836, 'Sim', 'Sim', NULL, 1),
	(7710, 5837, 'Sim', 'Sim', NULL, 1),
	(8923, 5790, '2.0 MP', '2.0 MP', NULL, 1),
	(79460, 7721, 'Sim', 'Sim', NULL, 1),
	(79461, 7721, 'Não', 'Não', NULL, 1),
	(79500, 7722, 'Sim', 'Sim', NULL, 1),
	(79501, 7722, 'Não', 'Não', NULL, 1),
	(80623, 7723, 'Sim', 'Sim', NULL, 1),
	(83211, 5790, 'VGA', 'VGA', NULL, 1),
	(261857, 3946, 'Branco', '', 0, 1),
	(261858, 3948, 'Rotativo', '', 0, 1),
	(261859, 3951, '10,6', '', 0, 1),
	(261860, 3952, 'Discreto', '', 0, 1),
	(261861, 3953, '2,65', '', 0, 1),
	(261862, 3955, 'D', '', 0, 1),
	(261863, 3957, '60', '', 0, 1),
	(261864, 3958, 'Aço Galvanizado/Ati-Corroção', '', 0, 1),
	(261865, 3961, 'Baixo', '', 0, 1),
	(261866, 3978, 'Horizontal', '', 0, 1),
	(261867, 3979, '1', '', 0, 1),
	(261868, 3984, '35', '', 0, 1),
	(262116, 3946, 'Branco', '', 0, 1),
	(262117, 3951, '10,6', '', 0, 1),
	(262118, 3952, 'Discreto/Decorativo', '', 0, 1),
	(262119, 3953, '2,65', '', 0, 1),
	(262120, 3955, 'D', '', 0, 1),
	(262121, 3957, '60', '', 0, 1),
	(262122, 3958, 'Plástico Anti-Chama', '', 0, 1),
	(262123, 3960, '42', '', 0, 1),
	(262124, 3961, 'Baixo', '', 0, 1),
	(262125, 3973, 'Digital', '', 0, 1),
	(262126, 3978, 'Frontal', '', 0, 1),
	(262127, 3979, '1', '', 0, 1),
	(262128, 3984, '17Âº a 30Âº', '', 0, 1),
	(262129, 3994, 'Temperatura', '', 0, 1),
	(262131, 3998, 'Móvel: Acima e Abaixo / Direita e Esquerda', '', 0, 1),
	(262132, 4000, 'Refrigera, Ventila, Aquece e Desumidifica', '', 0, 1),
	(262133, 4002, '4', '', 0, 1),
	(262135, 4010, '2430', '', 0, 1),
	(262136, 4012, '51', '', 0, 1),
	(262137, 4014, '1080', '', 0, 1),
	(262138, 4016, '22000', '', 0, 1),
	(262139, 4019, '4', '', 0, 1),
	(321108, 11485, 'Nokia E63', 'Nokia E63', 40, 0),
	(321129, 11485, 'Nokia 2220 Slide', 'Nokia 2220 Slide', 57, 0),
	(321135, 11486, 'Mais Vendidos', 'Mais Vendidos', NULL, 1),
	(321160, 11490, 'Até 2.0 MP', 'Até 2.0 MP', NULL, 1),
	(321162, 11491, 'Bluetooth', 'Bluetooth', NULL, 1),
	(321164, 11491, 'Wi-Fi', 'Wi-Fi', NULL, 1),
	(321165, 11491, '3G', '3G', NULL, 1),
	(321166, 11492, 'Barra', 'Barra', NULL, 1),
	(321168, 11492, 'Slide', 'Slide', NULL, 1),
	(321169, 11492, 'Smartphone - Qwerty', 'Smartphone - Qwerty', NULL, 1),
	(321173, 11493, 'Music Player até 4GB', 'Music Player até 4GB', NULL, 1),
	(321174, 11493, 'Rádio FM', 'Rádio FM', NULL, 1),
	(321188, 11495, 'Mais baratos', 'Mais baratos', NULL, 1),
	(321190, 11495, 'De R$ 300,00 a R$ 700,00', 'De R$ 300,00 a R$ 700,00', NULL, 1),
	(321638, 5787, 'Azul', '', 0, 1),
	(321639, 5808, '512', '', 0, 1),
	(321640, 5809, '32', '', 0, 1),
	(328079, 3946, 'Branco', '', 0, 1),
	(328080, 3951, '7,95', '', 0, 1),
	(328081, 3952, 'Compacto e Discreto', '', 0, 1),
	(328082, 3953, '2,64', '', 0, 1),
	(328083, 3955, 'B', '', 0, 1),
	(328084, 3957, '60', '', 0, 1),
	(328085, 3958, 'Polietileno / Aço Galvanizado', '', 0, 1),
	(328088, 3973, 'Compacto e Discreto', '', 0, 1),
	(328089, 3978, 'Frontal / Horizontal', '', 0, 1),
	(328090, 3979, '1', '', 0, 1),
	(328091, 3984, '17-30', '', 0, 1),
	(328092, 3994, 'Timer / Auto / Economy Running', '', 0, 1),
	(328094, 3998, 'Vertical e Horizontal', '', 0, 1),
	(328095, 4000, 'Splee / Turbo / Auto / Economy Running', '', 0, 1),
	(328096, 4002, '5', '', 0, 1),
	(328098, 4010, '1750', '', 0, 1),
	(328100, 4014, '860', '', 0, 1),
	(328101, 4016, '18000', '', 0, 1),
	(328102, 4019, '3', '', 0, 1),
	(605676, 5787, 'Grafite', '', 0, 1),
	(605677, 5808, '32', '', 0, 1),
	(690475, 13992, 'Quente e Frio', 'Quente e Frio', NULL, 1);

INSERT INTO `Categoria` (`CategoriaId`, `CategoriaAsc`, `Nome`, `Nivel`, `MetaEstoque`, `VendeAvulso`, `VariacoesTitulo`, `VariacoesDescricao`, `Tipo`, `Url`, `NovaAba`) VALUES
	(0, 0, 'Home', 0, 0, 1, NULL, NULL, 0, '', 0),
	(44, 0, 'Celulares e Telefones', 1, 500, 0, 'Celulares Desbloqueados, Android, Iphone e mais', 'Celulares Android, iPhone, Smartphones Desbloqueados', 0, '', 0),
	(256, 0, 'Eletrodomésticos', 1, 850, 0, 'Refrigerador, Lavadora, Fogão e mais', 'Refrigerador, Lavadora, Fogão, Ar Condicionado', 0, '', 0),
	(351, 256, 'Ar Condicionado Split', 2, 0, 1, 'Diversas Marcas, Modelos e mais', 'Ar Condicionado Midea, Springer, Consul, Electrolux, Samsung', 0, '', 0),
	(354, 351, 'Ar Condicionado Split 16 a 28 mil Btus', 3, 0, 1, '', '', 0, '', 0),
	(491, 44, 'Celular Desbloqueado', 2, 0, 1, 'Celular Nokia, Samsung e mais', 'Celular Nokia, Samsung, Motorola', 0, '', 0),
	(493, 491, 'Celular Microsoft', 3, 0, 1, '', '', 0, '', 0),
	(497, 491, 'Celular LG', 3, 0, 1, '', '', 0, '', 0),
	(522, 519, 'Smartphone Nokia', 3, 0, 1, '', '', 0, '', 0),
	(679, 668, 'Poltrona e Cadeira Automotivo', 3, 0, 1, '', '', 0, '', 0),
	(1009, 38, 'Acessórios', 3, 0, 1, '', '', 0, '', 0),
	(1842, 1841, 'Produtos e Acessórios', 2, 0, 1, NULL, NULL, 0, '', 0),
	(2332, 2323, 'Cadeira e Assento Automotivo', 3, 0, 1, '', '', 0, '', 0),
	(3503, 3487, 'Cadeiras e Assentos Automotivos', 2, 0, 1, '', '', 0, '', 0),
	(3889, 3885, 'Ar Condicionado 16 a 28 mil Btus', 3, 0, 1, '', '', 0, '', 0),
	(4724, 4705, '22000 Btus', 3, 0, 1, '', '', 0, '', 0);

INSERT INTO `Categoria_Site` (`CategoriaId`, `SiteId`, `Status`, `Ordem`, `MostrarNaHome`, `MostrarNaLoja`, `VitrineId`, `CorBackground`, `CorFonte`, `Icone`, `MostrarFabricante`, `MostrarMenuReduzido`, `TextoSEO`, `VariacoesTitulo`, `VariacoesDescricao`, `IconeMobile`, `OrdemMobile`) VALUES
  (1009, 1, 1, 4, 0, 1, 0, '', '', '', 0, 0, null, null, null, null, 0),
	(354, 1, 1, 1, 0, 1, 0, '', '', '', 0, 0, NULL, '', '', '', 0),
	(354, 2, 1, 1, 0, 1, 0, '', '', NULL, 0, NULL, NULL, NULL, NULL, NULL, 0),
	(354, 5, 1, 1, 0, 1, 0, NULL, NULL, NULL, 0, NULL, NULL, NULL, NULL, NULL, 0),
	(354, 6, 1, 1, 0, 1, 0, NULL, NULL, NULL, 0, NULL, NULL, NULL, NULL, NULL, 0),
	(354, 7, 1, 1, 0, 1, 0, NULL, NULL, NULL, 0, NULL, NULL, NULL, NULL, NULL, 0),
	(354, 8, 1, 1, 0, 1, 0, NULL, NULL, NULL, 0, NULL, NULL, NULL, NULL, NULL, 0),
	(354, 9, 1, 1, 0, 1, 0, '', '', NULL, 0, NULL, NULL, NULL, NULL, NULL, 0),
	(354, 10, 1, 1, 0, 0, NULL, NULL, NULL, NULL, 0, NULL, NULL, NULL, NULL, NULL, 0),
	(354, 11, 1, 1, 0, 1, NULL, NULL, NULL, NULL, 0, NULL, NULL, NULL, NULL, NULL, 0),
	(354, 12, 1, 1, 0, 1, NULL, NULL, NULL, NULL, 0, NULL, NULL, NULL, NULL, NULL, 0),
	(354, 18, 1, 1, 0, 1, NULL, NULL, NULL, NULL, 0, NULL, NULL, NULL, NULL, NULL, 0),
	(354, 19, 1, 1, 0, 1, 0, NULL, NULL, NULL, 0, NULL, NULL, NULL, NULL, NULL, 0),
	(354, 20, 0, 1, 0, 0, 0, NULL, NULL, NULL, 0, NULL, NULL, NULL, NULL, NULL, 0),
	(354, 32, 1, 1, 0, 1, 0, '', '', '', 0, 0, NULL, NULL, NULL, NULL, 0),
	(354, 39, 1, 1, 0, 1, NULL, NULL, NULL, NULL, 0, NULL, NULL, NULL, NULL, NULL, 0),
	(354, 51, 1, 1, 0, 1, 0, '', '', '', 0, 0, NULL, '', '', '', 0),
	(491, 1, 1, 0, 1, 0, 0, '', '', '', 1, 0, 'Encontre os melhores <strong>Celulares Desbloqueados</strong> na Ricardo Eletro! Possuímos as principais marcas como <strong>Samsung, Apple, Motorola, Sony, Nokia, LG</strong> e muitas outras, com os melhores preços do mercado. Confira e aproveite nossas ofertas!', 'Celulares e Smartphones Desbloqueados, Dual Chip, Tri Chip', 'Compre Celular e Smartphone, Desbloqueado, Dual Chip, Tri Chip e muito mais na Ricardo Eletro, com os melhores preços. Confira nossas ofertas!', '', 0),
	(491, 2, 1, 0, 1, 0, 0, '', '', '', 1, 0, 'Escolha seu celular sem se preocupar com a operadora que vai usar. Encontre diversas opçÃµes de <strong>Celulares e Smartphones Desbloqueados</strong> como <strong>Dual Chip, Tri Chip</strong> e muito mais de marcas como <strong>Samsung, Apple, LG, Sony, Nokia</strong> e muitas outras. Confira!', 'Celulares e Smartphones Desbloqueados Samsung, Apple, Lg, Sony, Apple', 'Compre Celulares e Smartphones Desbloqueados e muito mais na Insinuante, com os melhores preços. Confira nossas ofertas em Celulares e Smartphones!', '', 0),
	(491, 5, 1, 0, 1, 0, 0, '', '', '', 1, 0, 'Na hora de comprar <strong>Celular ou Smartphone Desbloqueado</strong> conte com os preços inbatíveis da City Lar! São diversos modelos e marcas como <strong>Samsung, Apple, Sony, Motorola, LG, Nokia</strong> e muitas outras, para vocÃª aproveitar.', 'Celulares e Smartphones Desbloqueados', 'Compre Celulares e Smartphones Desbloqueados de diversas marcas com os melhores preços do mercado, na City Lar! Confira nossas ofertas!', '', 0),
	(491, 6, 1, 0, 1, 0, 0, '', '', '', 1, 0, NULL, 'Celular Nokia, Samsung e mais', '', '', 0),
	(491, 7, 1, 0, 1, 0, 0, '', '', '', 1, 0, NULL, 'Celular Nokia, Samsung e mais', '', '', 0),
	(491, 8, 1, 0, 1, 0, 0, '', '', '', 1, 0, NULL, 'Celular Nokia, Samsung e mais', '', '', 0),
	(491, 9, 1, 0, 1, 0, 0, '', '', '', 1, 0, 'Escolha seu celular sem se preocupar com a operadora que vai usar. Encontre diversas opçÃµes de <strong>Celulares e Smartphones Desbloqueados</strong> como <strong>Dual Chip, Tri Chip</strong> e muito mais de marcas como <strong>Samsung, Apple, LG, Sony, Nokia</strong> e muitas outras. Confira!', 'Celulares e Smartphones Desbloqueados Samsung, Apple, Lg, Sony, Apple', 'Compre Celulares e Smartphones Desbloqueados e muito mais na Insinuante, com os melhores preços. Confira nossas ofertas em Celulares e Smartphones!', '', 0),
	(491, 10, 1, 0, 0, 0, NULL, NULL, NULL, NULL, 0, NULL, NULL, 'Celular Nokia, Samsung e mais', NULL, NULL, 0),
	(491, 11, 1, 0, 1, 0, NULL, '', '', '', 1, 0, NULL, 'Celular Nokia, Samsung e mais', '', '', 0),
	(491, 12, 1, 0, 1, 0, NULL, '', '', '', 1, 0, 'O <strong>Celular Desbloqueado</strong> que vocÃª procura com ótimo preço, está aqui na Eletro Shopping! Encontre modelos desbloqueados <strong>Android, Dual Chip, Iphone, Windows Phone, Tri Chip</strong> e muitos outros, de ótimas marcas como <strong>Samsung, Motorola, Apple, Sony, Nokia, LG</strong> e muitas mais', 'Celulares Desbloqueados', 'Compre Celulares Desbloqueados de marcas de qualidade e de diversos modelos, com os melhores preços do mercado na Eletro Shopping! Confira as nossas ofertas!', '', 0),
	(491, 18, 1, 0, 1, 0, NULL, '', '', '', 1, 0, NULL, 'Celular Nokia, Samsung e mais', '', '', 0),
	(491, 19, 1, 0, 1, 0, 0, '', '', '', 1, 0, NULL, 'Celular Nokia, Samsung e mais', '', '', 0),
	(491, 20, 0, 0, 0, 0, 0, '', '', '', 0, 0, NULL, 'Celular Nokia, Samsung e mais', NULL, NULL, 0),
	(491, 32, 1, 0, 1, 0, 0, '', '', '', 1, 0, 'Encontre os melhores <strong>Celulares Desbloqueados</strong> na Ricardo Eletro, principais marcas de <strong>Celulares Desbloqueados</strong>, Apple, <a href=? http://www.ricardoeletro.com.br/Loja/Telefonia/Celular-Desbloqueado/Celular-Samsung/44-491-496?>Samsung</a>, Motorola, <strong>Nokia</strong>, LG e outros.', 'Celulares e Smartphones, Desbloqueados, Dual Chip', 'Compre Celular e Smartphone, Desbloqueado, Dual Chip e muito mais na Ricardo Eletro, com os melhores preços. Confira nossas ofertas em Celulares e Smartphones!', '', 0),
	(491, 39, 1, 0, 1, 0, NULL, NULL, NULL, NULL, 0, NULL, NULL, NULL, NULL, NULL, 0),
	(491, 51, 1, 0, 1, 0, 0, '', '', '', 1, 0, 'Encontre os melhores <strong>Celulares Desbloqueados</strong> na Ricardo Eletro! Possuímos as principais marcas como <strong>Samsung, Apple, Motorola, Sony, Nokia, LG</strong> e muitas outras, com os melhores preços do mercado. Confira e aproveite nossas ofertas!', 'Celulares e Smartphones Desbloqueados, Dual Chip, Tri Chip', 'Compre Celular e Smartphone, Desbloqueado, Dual Chip, Tri Chip e muito mais na Ricardo Eletro, com os melhores preços. Confira nossas ofertas!', '', 0),
	(493, 1, 1, 1, 0, 1, 0, '', '', '', 0, 0, NULL, '', '', '', 0),
	(493, 2, 1, 1, 0, 1, 0, '', '', '', 0, 0, NULL, NULL, NULL, NULL, 0),
	(493, 5, 1, 1, 0, 1, 0, '', '', '', 0, 0, NULL, NULL, NULL, NULL, 0),
	(493, 6, 1, 0, 0, 1, 0, NULL, NULL, NULL, 0, NULL, NULL, NULL, NULL, NULL, 0),
	(493, 7, 1, 0, 0, 1, 0, NULL, NULL, NULL, 0, NULL, NULL, NULL, NULL, NULL, 0),
	(493, 8, 1, 0, 1, 1, 0, NULL, NULL, NULL, 0, NULL, NULL, NULL, NULL, NULL, 0),
	(493, 9, 1, 1, 0, 1, 0, '', '', '', 0, 0, NULL, NULL, NULL, NULL, 0),
	(493, 10, 1, 1, 0, 0, NULL, NULL, NULL, NULL, 0, NULL, NULL, NULL, NULL, NULL, 0),
	(493, 11, 1, 0, 0, 1, NULL, '', '', '', 0, 0, NULL, NULL, NULL, NULL, 0),
	(493, 12, 1, 1, 0, 1, NULL, NULL, NULL, NULL, 0, NULL, NULL, NULL, NULL, NULL, 0),
	(493, 18, 1, 1, 0, 1, NULL, NULL, NULL, NULL, 0, NULL, NULL, NULL, NULL, NULL, 0),
	(493, 19, 1, 1, 0, 1, 0, NULL, NULL, NULL, 0, NULL, NULL, NULL, NULL, NULL, 0),
	(493, 20, 0, 1, 0, 0, 0, NULL, NULL, NULL, 0, NULL, NULL, NULL, NULL, NULL, 0),
	(493, 32, 1, 1, 0, 1, 0, '', '', '', 0, 0, NULL, NULL, NULL, NULL, 0),
	(493, 39, 1, 1, 0, 1, NULL, NULL, NULL, NULL, 0, NULL, NULL, NULL, NULL, NULL, 0),
	(493, 51, 1, 1, 0, 1, 0, '', '', '', 0, 0, NULL, '', '', '', 0),
	(497, 1, 1, 3, 0, 1, 0, '', '', '', 0, 0, NULL, NULL, NULL, NULL, 0),
	(497, 2, 1, 3, 0, 1, 0, '', '', '', 0, 0, NULL, NULL, NULL, NULL, 0),
	(497, 5, 1, 2, 0, 1, 0, NULL, NULL, NULL, 0, NULL, NULL, NULL, NULL, NULL, 0),
	(497, 6, 1, 3, 0, 1, 0, NULL, NULL, NULL, 0, NULL, NULL, NULL, NULL, NULL, 0),
	(497, 7, 1, 3, 0, 1, 0, NULL, NULL, NULL, 0, NULL, NULL, NULL, NULL, NULL, 0),
	(497, 8, 1, 3, 0, 1, 0, NULL, NULL, NULL, 0, NULL, NULL, NULL, NULL, NULL, 0),
	(497, 9, 1, 3, 0, 1, 0, '', '', '', 0, 0, NULL, NULL, NULL, NULL, 0),
	(497, 10, 1, 2, 0, 0, NULL, NULL, NULL, NULL, 0, NULL, NULL, NULL, NULL, NULL, 0),
	(497, 11, 1, 3, 0, 1, NULL, NULL, NULL, NULL, 0, NULL, NULL, NULL, NULL, NULL, 0),
	(497, 12, 1, 2, 0, 1, NULL, NULL, NULL, NULL, 0, NULL, NULL, NULL, NULL, NULL, 0),
	(497, 18, 1, 3, 0, 1, NULL, NULL, NULL, NULL, 0, NULL, NULL, NULL, NULL, NULL, 0),
	(497, 19, 1, 2, 0, 1, 0, NULL, NULL, NULL, 0, NULL, NULL, NULL, NULL, NULL, 0),
	(497, 20, 0, 2, 0, 0, 0, NULL, NULL, NULL, 0, NULL, NULL, NULL, NULL, NULL, 0),
	(497, 32, 1, 3, 0, 1, 0, '', '', '', 0, 0, NULL, NULL, NULL, NULL, 0),
	(497, 39, 1, 3, 0, 1, NULL, NULL, NULL, NULL, 0, NULL, NULL, NULL, NULL, NULL, 0),
	(497, 51, 1, 3, 0, 1, 0, '', '', '', 0, 0, NULL, NULL, NULL, NULL, 0),
	(522, 1, 1, 1, 0, 1, 0, '', '', '', 0, 0, NULL, '', '', '', 0),
	(522, 2, 1, 0, 0, 1, 0, NULL, NULL, NULL, 0, NULL, NULL, NULL, NULL, NULL, 0),
	(522, 5, 1, 0, 0, 1, 0, NULL, NULL, NULL, 0, NULL, NULL, NULL, NULL, NULL, 0),
	(522, 6, 1, 0, 0, 1, 0, NULL, NULL, NULL, 0, NULL, NULL, NULL, NULL, NULL, 0),
	(522, 7, 1, 0, 0, 1, 0, NULL, NULL, NULL, 0, NULL, NULL, NULL, NULL, NULL, 0),
	(522, 8, 1, 0, 0, 1, 0, NULL, NULL, NULL, 0, NULL, NULL, NULL, NULL, NULL, 0),
	(522, 9, 1, 0, 0, 1, 0, NULL, NULL, NULL, 0, NULL, NULL, NULL, NULL, NULL, 0),
	(522, 10, 0, 1, 0, 0, NULL, NULL, NULL, NULL, 0, NULL, NULL, NULL, NULL, NULL, 0),
	(522, 11, 1, 0, 0, 1, NULL, NULL, NULL, NULL, 0, NULL, NULL, NULL, NULL, NULL, 0),
	(522, 12, 1, 0, 0, 1, NULL, '', '', '', 0, 0, NULL, '', '', '', 0),
	(522, 18, 0, 1, 0, 1, NULL, NULL, NULL, NULL, 0, NULL, NULL, NULL, NULL, NULL, 0),
	(522, 19, 1, 1, 0, 1, 0, '', '', '', 0, 0, NULL, '', '', '', 0),
	(522, 20, 0, 1, 0, 0, 0, NULL, NULL, NULL, 0, NULL, NULL, NULL, NULL, NULL, 0),
	(522, 32, 1, 1, 0, 1, 0, '', '', '', 0, 0, NULL, '', '', '', 0),
	(522, 39, 1, 1, 0, 1, NULL, NULL, NULL, NULL, 0, NULL, NULL, NULL, NULL, NULL, 0),
	(522, 51, 1, 1, 0, 1, 0, '', '', '', 0, 0, NULL, '', '', '', 0),
	(679, 1, 1, 0, 0, 0, 0, '', '', '', 0, 0, NULL, NULL, NULL, NULL, 0),
	(679, 2, 1, 0, 0, 0, 0, '', '', '', 0, 0, NULL, NULL, NULL, NULL, 0),
	(679, 5, 1, 0, 0, 0, 0, '', '', '', 0, 0, NULL, NULL, NULL, NULL, 0),
	(679, 6, 1, 0, 0, 0, 0, '', '', '', 0, 0, NULL, NULL, NULL, NULL, 0),
	(679, 7, 1, 0, 0, 0, 0, '', '', '', 0, 0, NULL, '', '', '', 0),
	(679, 8, 1, 0, 1, 1, 0, NULL, NULL, NULL, 0, NULL, NULL, NULL, NULL, NULL, 0),
	(679, 9, 1, 0, 0, 0, 0, '', '', '', 0, 0, NULL, NULL, NULL, NULL, 0),
	(679, 10, 1, 0, 0, 0, NULL, NULL, NULL, NULL, 0, NULL, NULL, NULL, NULL, NULL, 0),
	(679, 11, 1, 0, 0, 0, NULL, '', '', '', 0, 0, NULL, NULL, NULL, NULL, 0),
	(679, 12, 1, 0, 0, 0, NULL, '', '', '', 0, 0, NULL, NULL, NULL, NULL, 0),
	(679, 18, 1, 0, 0, 0, NULL, '', '', '', 0, 0, NULL, NULL, NULL, NULL, 0),
	(679, 19, 1, 0, 0, 0, 0, NULL, NULL, NULL, 0, NULL, NULL, NULL, NULL, NULL, 0),
	(679, 20, 0, 0, 0, 0, 0, NULL, NULL, NULL, 0, NULL, NULL, NULL, NULL, NULL, 0),
	(679, 32, 1, 0, 0, 0, 0, '', '', '', 0, 0, NULL, NULL, NULL, NULL, 0),
	(679, 39, 1, 0, 0, 0, NULL, NULL, NULL, NULL, 0, NULL, NULL, NULL, NULL, NULL, 0),
	(679, 51, 1, 0, 0, 0, 0, '', '', '', 0, 0, NULL, NULL, NULL, NULL, 0),
	(1842, 1, 0, 0, 0, 0, NULL, '', '', NULL, 0, NULL, NULL, NULL, NULL, NULL, 0),
	(1842, 2, 0, 0, 0, 0, NULL, '', '', NULL, 0, NULL, NULL, NULL, NULL, NULL, 0),
	(1842, 4, 1, 0, 0, 0, NULL, '', '', NULL, 0, NULL, NULL, NULL, NULL, NULL, 0),
	(1842, 5, 0, 0, 0, 0, 0, NULL, NULL, NULL, 0, NULL, NULL, NULL, NULL, NULL, 0),
	(1842, 6, 0, 0, 0, 0, 0, NULL, NULL, NULL, 0, NULL, NULL, NULL, NULL, NULL, 0),
	(1842, 7, 0, 0, 0, 0, 0, NULL, NULL, NULL, 0, NULL, NULL, NULL, NULL, NULL, 0),
	(1842, 8, 0, 0, 0, 0, 0, NULL, NULL, NULL, 0, NULL, NULL, NULL, NULL, NULL, 0),
	(1842, 9, 0, 0, 0, 0, NULL, '', '', NULL, 0, NULL, NULL, NULL, NULL, NULL, 0),
	(1842, 10, 0, 0, 0, 0, NULL, NULL, NULL, NULL, 0, NULL, NULL, NULL, NULL, NULL, 0),
	(1842, 11, 0, 0, 0, 0, NULL, NULL, NULL, NULL, 0, NULL, NULL, NULL, NULL, NULL, 0),
	(1842, 12, 0, 0, 0, 0, NULL, NULL, NULL, NULL, 0, NULL, NULL, NULL, NULL, NULL, 0),
	(1842, 18, 0, 0, 0, 0, NULL, NULL, NULL, NULL, 0, NULL, NULL, NULL, NULL, NULL, 0),
	(1842, 19, 0, 0, 0, 0, 0, NULL, NULL, NULL, 0, NULL, NULL, NULL, NULL, NULL, 0),
	(1842, 20, 0, 0, 0, 0, 0, NULL, NULL, NULL, 0, NULL, NULL, NULL, NULL, NULL, 0),
	(1842, 32, 0, 0, 0, 0, NULL, '', '', NULL, 0, NULL, NULL, NULL, NULL, NULL, 0),
	(1842, 39, 0, 0, 0, 0, NULL, NULL, NULL, NULL, 0, NULL, NULL, NULL, NULL, NULL, 0),
	(1842, 51, 0, 0, 0, 0, NULL, '', '', NULL, 0, NULL, NULL, NULL, NULL, NULL, 0),
	(2332, 1, 1, 2, 1, 1, NULL, '', '', '', 0, 0, NULL, '', '', NULL, 0),
	(2332, 2, 1, 8, 1, 1, NULL, '', '', '', 0, 0, NULL, '', '', NULL, 0),
	(2332, 5, 1, 8, 1, 1, NULL, '', '', '', 0, 0, NULL, '', '', NULL, 0),
	(2332, 6, 1, 8, 0, 1, NULL, '', '', '', 0, 0, NULL, NULL, NULL, NULL, 0),
	(2332, 7, 1, 8, 1, 1, 0, '', '', '', 0, 0, NULL, '', '', '', 0),
	(2332, 8, 1, 8, 0, 1, 0, '', '', '', 0, 0, NULL, NULL, NULL, NULL, 0),
	(2332, 9, 1, 8, 1, 1, NULL, '', '', '', 0, 0, NULL, '', '', NULL, 0),
	(2332, 10, 1, 1, 0, 0, NULL, NULL, NULL, NULL, 0, NULL, NULL, NULL, NULL, NULL, 0),
	(2332, 11, 1, 8, 0, 1, NULL, NULL, NULL, NULL, 0, NULL, NULL, NULL, NULL, NULL, 0),
	(2332, 12, 1, 8, 1, 1, NULL, '', '', '', 0, 0, NULL, '', '', NULL, 0),
	(2332, 18, 1, 1, 0, 1, NULL, NULL, NULL, NULL, 0, NULL, NULL, NULL, NULL, NULL, 0),
	(2332, 19, 1, 1, 0, 1, 0, NULL, NULL, NULL, 0, NULL, NULL, NULL, NULL, NULL, 0),
	(2332, 20, 0, 1, 0, 0, 0, NULL, NULL, NULL, 0, NULL, NULL, NULL, NULL, NULL, 0),
	(2332, 32, 1, 2, 1, 1, NULL, '', '', '', 0, 0, NULL, '', '', NULL, 0),
	(2332, 39, 1, 2, 1, 1, NULL, NULL, NULL, NULL, 0, NULL, NULL, NULL, NULL, NULL, 0),
	(2332, 51, 1, 2, 1, 1, NULL, '', '', '', 0, 0, NULL, '', '', NULL, 0),
	(3503, 18, 1, 2, 1, 0, NULL, '', '', '', 1, 0, NULL, NULL, NULL, NULL, 0),
	(3889, 18, 1, 1, 0, 1, NULL, '', '', '', 0, 0, NULL, '', '', '', 0),
	(4724, 1, 1, 4, 0, 1, NULL, '', '', '', 0, 0, NULL, NULL, NULL, NULL, 0),
	(4724, 2, 1, 4, 0, 1, NULL, '', '', '', 0, 0, NULL, NULL, NULL, NULL, 0),
	(4724, 5, 1, 4, 0, 1, NULL, '', '', '', 0, 0, NULL, NULL, NULL, NULL, 0),
	(4724, 6, 1, 4, 0, 1, NULL, '', '', '', 0, 0, NULL, NULL, NULL, NULL, 0),
	(4724, 7, 1, 4, 0, 1, NULL, '', '', '', 0, 0, NULL, NULL, NULL, NULL, 0),
	(4724, 8, 1, 4, 0, 1, NULL, '', '', '', 0, 0, NULL, NULL, NULL, NULL, 0),
	(4724, 9, 1, 4, 0, 1, NULL, '', '', '', 0, 0, NULL, NULL, NULL, NULL, 0),
	(4724, 11, 1, 4, 0, 1, NULL, '', '', '', 0, 0, NULL, NULL, NULL, NULL, 0),
	(4724, 12, 1, 4, 0, 1, NULL, '', '', '', 0, 0, NULL, NULL, NULL, NULL, 0),
	(4724, 19, 1, 4, 0, 1, NULL, '', '', '', 0, 0, NULL, NULL, NULL, NULL, 0),
	(4724, 32, 1, 4, 0, 1, NULL, '', '', '', 0, 0, NULL, NULL, NULL, NULL, 0),
	(4724, 39, 1, 4, 0, 1, NULL, NULL, NULL, NULL, 0, NULL, NULL, NULL, NULL, NULL, 0),
	(4724, 51, 1, 4, 0, 1, NULL, '', '', '', 0, 0, NULL, NULL, NULL, NULL, 0);

INSERT INTO `Combo_Log` (`ComboLogId`, `ComboId`, `ProdutoId`, `Valor`, `Quantidade`, `SiteId`, `DataAlteracao`) VALUES
	(6188735, 30441, 40461, 1399.3, 1, 4, '2016-01-28 09:03:45'),
	(6188736, 30451, 40461, 699.7, 1, 4, '2016-01-28 09:03:45'),
	(6188737, 30441, 40461, 1399.3, 1, 4, '2016-01-28 09:05:33'),
	(6188738, 30451, 40461, 699.7, 1, 4, '2016-01-28 09:05:33'),
	(6188739, 30441, 40461, 1399.3, 1, 4, '2016-01-28 09:07:20'),
	(6188740, 30451, 40461, 699.7, 1, 4, '2016-01-28 09:07:20'),
	(6188741, 30441, 40461, 1399.3, 1, 4, '2016-01-28 09:09:00'),
	(6188742, 30451, 40461, 699.7, 1, 4, '2016-01-28 09:09:00'),
	(6188743, 30441, 40461, 1399.3, 1, 4, '2016-01-28 09:10:57'),
	(6188744, 30451, 40461, 699.7, 1, 4, '2016-01-28 09:10:57'),
	(6188745, 30441, 40461, 1399.3, 1, 4, '2016-01-28 09:14:13'),
	(6188746, 30451, 40461, 699.7, 1, 4, '2016-01-28 09:14:13'),
	(6188747, 30441, 40461, 1399.3, 1, 4, '2016-01-28 09:16:10'),
	(6188748, 30451, 40461, 699.7, 1, 4, '2016-01-28 09:16:10'),
	(6188749, 30441, 40461, 1399.3, 1, 4, '2016-01-28 09:18:05'),
	(6188750, 30451, 40461, 699.7, 1, 4, '2016-01-28 09:18:05'),
	(6188751, 30441, 40461, 1399.3, 1, 4, '2016-01-28 09:19:54'),
	(6188752, 30451, 40461, 699.7, 1, 4, '2016-01-28 09:19:54'),
	(6188753, 30441, 40461, 1399.3, 1, 4, '2016-01-28 09:21:29'),
	(6188754, 30451, 40461, 699.7, 1, 4, '2016-01-28 09:21:29'),
	(6188755, 30441, 40461, 1399.3, 1, 4, '2016-01-28 09:22:59'),
	(6188756, 30451, 40461, 699.7, 1, 4, '2016-01-28 09:22:59'),
	(6188757, 30441, 40461, 1399.3, 1, 4, '2016-01-28 09:25:02'),
	(6188758, 30451, 40461, 699.7, 1, 4, '2016-01-28 09:25:02'),
	(6188759, 30441, 40461, 1399.3, 1, 4, '2016-01-28 09:26:57'),
	(6188760, 30451, 40461, 699.7, 1, 4, '2016-01-28 09:26:57'),
	(6188761, 30441, 40461, 1399.3, 1, 4, '2016-01-28 09:28:45'),
	(6188762, 30451, 40461, 699.7, 1, 4, '2016-01-28 09:28:45'),
	(6188763, 30441, 40461, 1399.3, 1, 4, '2016-01-28 09:30:34'),
	(6188764, 30451, 40461, 699.7, 1, 4, '2016-01-28 09:30:34'),
	(6188765, 30441, 40461, 1399.3, 1, 4, '2016-01-28 09:32:16'),
	(6188766, 30451, 40461, 699.7, 1, 4, '2016-01-28 09:32:16'),
	(6188767, 30441, 40461, 1399.3, 1, 4, '2016-01-28 09:33:57'),
	(6188768, 30451, 40461, 699.7, 1, 4, '2016-01-28 09:33:57'),
	(6188769, 30441, 40461, 1399.3, 1, 4, '2016-01-28 09:35:42'),
	(6188770, 30451, 40461, 699.7, 1, 4, '2016-01-28 09:35:42'),
	(6188771, 30441, 40461, 1399.3, 1, 4, '2016-01-28 09:37:23'),
	(6188772, 30451, 40461, 699.7, 1, 4, '2016-01-28 09:37:23'),
	(6188773, 30441, 40461, 1399.3, 1, 4, '2016-01-28 09:39:07'),
	(6188774, 30451, 40461, 699.7, 1, 4, '2016-01-28 09:39:07'),
	(6188775, 30441, 40461, 1399.3, 1, 4, '2016-01-28 09:40:49'),
	(6188776, 30451, 40461, 699.7, 1, 4, '2016-01-28 09:40:49'),
	(6188777, 30441, 40461, 1399.3, 1, 4, '2016-01-28 09:42:19'),
	(6188778, 30451, 40461, 699.7, 1, 4, '2016-01-28 09:42:19'),
	(6188779, 30441, 40461, 1399.3, 1, 4, '2016-01-28 09:43:50'),
	(6188780, 30451, 40461, 699.7, 1, 4, '2016-01-28 09:43:50'),
	(6188781, 30441, 40461, 1399.3, 1, 4, '2016-01-28 09:45:32'),
	(6188782, 30451, 40461, 699.7, 1, 4, '2016-01-28 09:45:32'),
	(6188783, 30441, 40461, 1399.3, 1, 4, '2016-01-28 09:47:31'),
	(6188784, 30451, 40461, 699.7, 1, 4, '2016-01-28 09:47:31'),
	(6188785, 30441, 40461, 1399.3, 1, 4, '2016-01-28 09:49:09'),
	(6188786, 30451, 40461, 699.7, 1, 4, '2016-01-28 09:49:09'),
	(6188787, 30441, 40461, 1399.3, 1, 4, '2016-01-28 09:50:51'),
	(6188788, 30451, 40461, 699.7, 1, 4, '2016-01-28 09:50:51'),
	(6188789, 30441, 40461, 1399.3, 1, 4, '2016-01-28 09:52:38'),
	(6188790, 30451, 40461, 699.7, 1, 4, '2016-01-28 09:52:38'),
	(6188791, 30441, 40461, 1399.3, 1, 4, '2016-01-28 09:54:20'),
	(6188792, 30451, 40461, 699.7, 1, 4, '2016-01-28 09:54:20'),
	(6188793, 30441, 40461, 1399.3, 1, 4, '2016-01-28 09:55:57'),
	(6188794, 30451, 40461, 699.7, 1, 4, '2016-01-28 09:55:57'),
	(6188795, 30441, 40461, 1399.3, 1, 4, '2016-01-28 09:57:27'),
	(6188796, 30451, 40461, 699.7, 1, 4, '2016-01-28 09:57:27'),
	(6188797, 30441, 40461, 1399.3, 1, 4, '2016-01-28 09:59:05'),
	(6188798, 30451, 40461, 699.7, 1, 4, '2016-01-28 09:59:05'),
	(6188799, 30441, 40461, 1399.3, 1, 4, '2016-01-28 10:00:40'),
	(6188800, 30451, 40461, 699.7, 1, 4, '2016-01-28 10:00:41'),
	(6188801, 30441, 40461, 1399.3, 1, 4, '2016-01-28 10:02:24'),
	(6188802, 30451, 40461, 699.7, 1, 4, '2016-01-28 10:02:24'),
	(6188803, 30441, 40461, 1399.3, 1, 4, '2016-01-28 10:04:05'),
	(6188804, 30451, 40461, 699.7, 1, 4, '2016-01-28 10:04:05'),
	(6188805, 30441, 40461, 1399.3, 1, 4, '2016-01-28 10:05:56'),
	(6188806, 30451, 40461, 699.7, 1, 4, '2016-01-28 10:05:56'),
	(6188807, 30441, 40461, 1399.3, 1, 4, '2016-01-28 10:07:47'),
	(6188808, 30451, 40461, 699.7, 1, 4, '2016-01-28 10:07:48'),
	(6188809, 30441, 40461, 1399.3, 1, 4, '2016-01-28 10:10:02'),
	(6188810, 30451, 40461, 699.7, 1, 4, '2016-01-28 10:10:02'),
	(6188811, 30441, 40461, 1399.3, 1, 4, '2016-01-28 13:53:36'),
	(6188812, 30451, 40461, 699.7, 1, 4, '2016-01-28 13:53:36'),
	(6188813, 30441, 40461, 1399.3, 1, 4, '2016-01-28 13:56:39'),
	(6188814, 30451, 40461, 699.7, 1, 4, '2016-01-28 13:56:39'),
	(6188815, 30441, 40461, 1399.3, 1, 4, '2016-01-28 13:59:33'),
	(6188816, 30451, 40461, 699.7, 1, 4, '2016-01-28 13:59:33'),
	(6188817, 30441, 40461, 1399.3, 1, 4, '2016-01-28 14:02:49'),
	(6188818, 30451, 40461, 699.7, 1, 4, '2016-01-28 14:02:49'),
	(6188819, 30441, 40461, 1399.3, 1, 4, '2016-01-28 14:05:28'),
	(6188820, 30451, 40461, 699.7, 1, 4, '2016-01-28 14:05:28'),
	(6188821, 30441, 40461, 1399.3, 1, 4, '2016-01-28 14:08:30'),
	(6188822, 30451, 40461, 699.7, 1, 4, '2016-01-28 14:08:30'),
	(6188823, 30441, 40461, 1399.3, 1, 4, '2016-01-28 14:10:38'),
	(6188824, 30451, 40461, 699.7, 1, 4, '2016-01-28 14:10:38'),
	(6188825, 30441, 40461, 1399.3, 1, 4, '2016-01-28 14:12:50'),
	(6188826, 30451, 40461, 699.7, 1, 4, '2016-01-28 14:12:50'),
	(6188827, 30441, 40461, 1399.3, 1, 4, '2016-01-28 14:15:16'),
	(6188828, 30451, 40461, 699.7, 1, 4, '2016-01-28 14:15:17');

INSERT IGNORE INTO `Estoque` (`ProdutoId`, `Total`, `Reservado`, `Disponivel`, `PreVenda`, `Virtual`, `DataUltimaImportacao`, `PrazoDisponibilidade`, `Tipo`, `Fisico`, `Jit`) VALUES
	(11774, 0, 0, 500, 0, 0, '2015-09-05 23:23:31', 7, 1, 0, 0),
	(16902, 0, 0, 500, 0, 0, '2015-08-27 19:36:07', 0, 1, 0, 0),
	(30441, 0, 0, 500, 0, 0, '2015-08-27 22:07:17', 0, 1, 0, 0),
	(30451, 0, 0, 500, 0, 0, '2015-08-27 22:07:17', 0, 1, 0, 0),
	(37499, 0, 0, 500, 0, 0, '2015-09-05 22:32:36', 0, 1, 0, 0),
	(74303, 0, 0, 500, 0, 0, '2015-09-05 23:16:26', 7, 1, 0, 0),
	(4221, 0, 0, 500, 0, 0, '2015-09-05 23:16:26', 7, 1, 0, 0),
	(39056, 0, 0, 500, 0, 0, '2015-09-05 23:16:26', 7, 1, 0, 0),
	(39574, 0, 0, 500, 0, 0, '2015-09-05 23:16:26', 7, 1, 0, 0),
	(40461, 0, 0, 500, 0, 0, '2015-09-05 23:16:26', 7, 1, 0, 0),
	(40468, 0, 0, 500, 0, 0, '2015-09-05 23:16:26', 7, 1, 0, 0);

INSERT INTO `Fabricante` (`FabricanteId`, `Nome`, `LogoSrc`, `Status`, `Telefone`, `Site`, `Informacoes`, `Banner`) VALUES
  (215, 'Basicare', '215_20090921181945.png', 1, '', '', null, null),
	(353, 'LG', '353_20110718114615.jpg', 1, '', '', NULL, NULL),
	(380, 'Midea', '', 1, '', '', NULL, NULL),
	(407, 'Nokia', '407_20091103122404.png', 1, '', '', NULL, NULL),
	(697, 'Diversos', '', 1, '', '', NULL, NULL),
	(977, 'Styll', '', 1, '', '', NULL, NULL);

INSERT INTO `GrupoB2C` (`GrupoB2CId`, `Nome`, `Status`, `Tipo`, `ComissaoFolha`, `SiteId`, `FolhaPagamentoId`, `EmailImpressora`) VALUES
	(1, 'Desenvolvimento', 1, 0, 0, 8, 3, 'brunoaugusto@softbox.com.br'),
	(3, 'TELEVENDAS/MG', 1, 0, 1, 7, 5, ''),
	(4, 'Recobrança - UberlÃ¢ndia', 1, 0, 1, 10, 4, NULL),
	(5, 'Ricardo Eletro - F038 - BH SHOPPING - MG', 1, 0, 1, 7, 5, 'refil038@maquinadevendas.com.br'),
	(7, 'Nokia Televendas', 1, 0, 0, 4, 1, NULL),
	(8, 'City Lar - F248 - CHAP.DOS GUIMARAES-MT', 1, 0, 1, 8, 2, ''),
	(9, 'City Lar - F010 - Planeta - Cuiabá - MT', 1, 0, 1, 8, 2, ''),
	(10, 'City Lar - F270 - V.GRANDE COUTO MAGALHÃƒES P', 1, 0, 1, 8, 2, ''),
	(11, 'Regional', 1, 0, 1, 7, 1, NULL),
	(12, 'RH - Multiplicadores', 1, 0, 0, 1, 1, NULL),
	(13, 'Gerente CityLar', 1, 0, 0, 8, 2, NULL),
	(14, 'Gerente Ricardo Eletro', 1, 0, 0, 7, 1, NULL),
	(15, 'Ricardo Eletro - F263 - SHOP JUIZ DE FORA', 1, 0, 1, 7, 5, 'refil263@maquinadevendas.com.br'),
	(16, 'Ricardo Eletro - F210 -TELEVENDAS/MG', 1, 0, 1, 7, 5, 'refil210@maquinadevendas.com.br'),
	(17, 'Ricardo Eletro - F252 - SHOP SETE LAGOAS I', 1, 0, 1, 7, 5, 'refil252@maquinadevendas.com.br'),
	(18, 'Ricardo Eletro - F190 - UBÃ - RJ', 1, 0, 1, 7, 5, 'refil190@maquinadevendas.com.br'),
	(19, 'Ricardo Eletro - F143 - MURIAÃ‰ - MG', 1, 0, 1, 7, 5, 'refil143@maquinadevendas.com.br'),
	(20, 'Ricardo Eletro - F048 - JUIZ DE FORA II - MG', 1, 0, 1, 7, 5, 'refil048@maquinadevendas.com.br'),
	(21, 'Ricardo Eletro - F024 - JUIZ DE FORA - MG', 1, 0, 1, 7, 5, 'refil024@maquinadevendas.com.br'),
	(22, 'Ricardo Eletro - F035 - BARBACENA - MG', 1, 0, 1, 7, 5, 'refil035@maquinadevendas.com.br'),
	(23, 'Ricardo Eletro - F079 - JUIZ DE FORA III - MG', 1, 0, 1, 7, 5, 'refil079@maquinadevendas.com.br'),
	(24, 'Ricardo Eletro - F109 - PONTEIO LAR SHOPPING', 1, 0, 1, 7, 5, 'refil109@maquinadevendas.com.br'),
	(25, 'Ricardo Eletro - F075 - RUA CURITIBA III', 1, 0, 1, 7, 5, 'refil075@maquinadevendas.com.br'),
	(26, 'Ricardo Eletro - F069 - RUA CURITIBA TUPINAMB', 0, 0, 1, 7, 5, 'refil069@maquinadevendas.com.br'),
	(27, 'Ricardo Eletro - F154 - RIO DE JANEIRO II - M', 1, 0, 1, 7, 5, 'refil154@maquinadevendas.com.br'),
	(28, 'Ricardo Eletro - F146 - AV. SANTOS DUMONT -MG', 1, 0, 1, 7, 5, 'refil146@maquinadevendas.com.br'),
	(29, 'Ricardo Eletro - F140 - CURITIBA IV - MG', 1, 0, 1, 7, 5, 'refil140@maquinadevendas.com.br'),
	(30, 'Ricardo Eletro - F110 - TUPINAMBÃS II - MG', 1, 0, 1, 7, 5, 'refil110@maquinadevendas.com.br'),
	(31, 'Ricardo Eletro - F077 - CARIJOS - MG', 1, 0, 1, 7, 5, 'refil077@maquinadevendas.com.br'),
	(32, 'Ricardo Eletro - F076 - BARRO PRETO - MG', 1, 0, 1, 7, 5, 'refil076@maquinadevendas.com.br'),
	(33, 'Ricardo Eletro - F040 - RUA CURITIBA I', 1, 0, 1, 7, 5, 'refil040@maquinadevendas.com.br'),
	(34, 'Ricardo Eletro - F058 - ITAÃš PLAZA SHOPPING', 1, 0, 1, 7, 5, 'refil058@maquinadevendas.com.br'),
	(35, 'Ricardo Eletro - F023 - SHOPPING DEL REY - MG', 1, 0, 1, 7, 5, 'refil023@maquinadevendas.com.br'),
	(36, 'Ricardo Eletro - F031 - MINAS SHOPPING - MG', 1, 0, 1, 7, 5, 'refil031@maquinadevendas.com.br'),
	(37, 'Ricardo Eletro - F161 - BETANIA - MG', 1, 0, 1, 7, 5, 'refil161@maquinadevendas.com.br'),
	(38, 'Ricardo Eletro - F158 - VENDA NOVA III', 1, 0, 1, 7, 5, 'refil158@maquinadevendas.com.br'),
	(39, 'Ricardo Eletro - F157 - BARREIRO - MG', 1, 0, 1, 7, 5, 'refil157@maquinadevendas.com.br'),
	(40, 'Ricardo Eletro - F152 - LAGOINHA - MG', 1, 0, 1, 7, 5, 'refil152@maquinadevendas.com.br'),
	(41, 'Ricardo Eletro - F084 - ELDORADO II - MG', 1, 0, 1, 7, 5, 'refil084@maquinadevendas.com.br'),
	(42, 'Ricardo Eletro - F083 - Big Shopping - MG', 1, 0, 1, 7, 5, 'refil083@maquinadevendas.com.br'),
	(43, 'Ricardo Eletro - F070 - VENDA NOVA II - MG', 1, 0, 1, 7, 5, 'refil070@maquinadevendas.com.br'),
	(44, 'Ricardo Eletro - F068 - INDUSTRIAL - MG', 1, 0, 1, 7, 5, 'refil068@maquinadevendas.com.br'),
	(45, 'Ricardo Eletro - F027 - ELDORADO I - MG', 1, 0, 1, 7, 5, 'refil027@maquinadevendas.com.br'),
	(46, 'Ricardo Eletro - F021 - VENDA NOVA I - MG', 1, 0, 1, 7, 5, 'refil021@maquinadevendas.com.br'),
	(47, 'Ricardo Eletro - F015 - BARREIRO I - MG', 1, 0, 1, 7, 5, 'refil015@maquinadevendas.com.br'),
	(48, 'Ricardo Eletro - F050 - VIA SHOPPING - MG', 1, 0, 1, 7, 5, 'refil050@maquinadevendas.com.br'),
	(49, 'Ricardo Eletro - F166 - PONTE NOVA - MG', 1, 0, 1, 7, 5, 'refil166@maquinadevendas.com.br'),
	(50, 'Ricardo Eletro - F162 - TIMOTEO - MG', 1, 0, 1, 7, 5, 'refil162@maquinadevendas.com.br'),
	(51, 'Ricardo Eletro - F122 - MANHUAÃ‡U - MG', 1, 0, 1, 7, 5, 'refil122@maquinadevendas.com.br'),
	(52, 'Ricardo Eletro - F114 - IPATINGA II SHOPPING', 1, 0, 1, 7, 5, 'refil114@maquinadevendas.com.br'),
	(53, 'Ricardo Eletro - F071 - CARATINGA - MG', 1, 0, 1, 7, 5, 'refil071@maquinadevendas.com.br'),
	(54, 'Ricardo Eletro - F063 - GOVERNADOR VALADARES', 1, 0, 1, 7, 5, 'refil063@maquinadevendas.com.br'),
	(55, 'Ricardo Eletro - F051 - CORONEL FABRICIANO -', 1, 0, 1, 7, 5, 'refil051@maquinadevendas.com.br'),
	(56, 'Ricardo Eletro - F046 - TEOFILO OTONI - MG', 1, 0, 1, 7, 5, 'refil046@maquinadevendas.com.br'),
	(57, 'Ricardo Eletro - F036 - IPATINGA I - MG', 1, 0, 1, 7, 5, 'refil036@maquinadevendas.com.br'),
	(58, 'Ricardo Eletro - F189 - ITABIRITO - MG', 1, 0, 1, 7, 5, 'refil189@maquinadevendas.com.br'),
	(59, 'Ricardo Eletro - F064 - JOAO MONLEVADE - MG', 1, 0, 1, 7, 5, 'refil064@maquinadevendas.com.br'),
	(60, 'Ricardo Eletro - F016 - ITABIRA - MG', 1, 0, 1, 7, 5, 'refil016@maquinadevendas.com.br'),
	(61, 'Ricardo Eletro - F080 - VESPASIANO - MG', 1, 0, 1, 7, 5, 'refil080@maquinadevendas.com.br'),
	(62, 'Ricardo Eletro - F044 - Santa Luzia - MG', 1, 0, 1, 7, 5, 'refil044@maquinadevendas.com.br'),
	(63, 'Ricardo Eletro - F043 - NOVA LIMA - MG', 1, 0, 1, 7, 5, 'refil043@maquinadevendas.com.br'),
	(64, 'Ricardo Eletro - F049 - MONTES CLAROS II - MG', 1, 0, 1, 7, 5, 'refil049@maquinadevendas.com.br'),
	(65, 'Ricardo Eletro - F045 - MONTES CLAROS I - MG', 1, 0, 1, 7, 5, 'refil045@maquinadevendas.com.br'),
	(66, 'Ricardo Eletro - F135 - SETE LAGOAS II - MG', 1, 0, 1, 7, 5, 'refil135@maquinadevendas.com.br'),
	(67, 'Ricardo Eletro - F123 - PEDRO LEOPOLDO - MG', 1, 0, 1, 7, 5, 'refil123@maquinadevendas.com.br'),
	(68, 'Ricardo Eletro - F065 - CURVELO - MG', 1, 0, 1, 7, 5, 'refil065@maquinadevendas.com.br'),
	(69, 'Ricardo Eletro - F030 - SETE LAGOAS I - MG', 1, 0, 1, 7, 5, 'refil030@maquinadevendas.com.br'),
	(70, 'Ricardo Eletro - F028 - CONSELHEIRO LAFAIETE', 1, 0, 1, 7, 5, 'refil028@maquinadevendas.com.br'),
	(71, 'Ricardo Eletro - F039 - Shopping Cidade - MG', 1, 0, 1, 7, 5, 'refil039@maquinadevendas.com.br'),
	(72, 'Ricardo Eletro - F032 - CURITIBA I', 1, 0, 1, 7, 5, 'refil032@maquinadevendas.com.br'),
	(73, 'Ricardo Eletro - F022 - RIO DE JANEIRO - MG', 1, 0, 1, 7, 5, 'refil022@maquinadevendas.com.br'),
	(74, 'Ricardo Eletro - F102 - Abilio Machado - MG', 1, 0, 1, 7, 5, 'refil102@maquinadevendas.com.br'),
	(75, 'Ricardo Eletro - F159 - BETIM II - MG', 1, 0, 1, 7, 1, 'refil159@maquinadevendas.com.br'),
	(76, 'Ricardo Eletro - F019 - SÃƒO JOÃƒO DEL REY -', 1, 0, 1, 7, 5, 'refil019@maquinadevendas.com.br'),
	(77, 'Ricardo Eletro - F017 - OLIVEIRA - MG', 1, 0, 1, 7, 5, 'refil017@maquinadevendas.com.br'),
	(78, 'Ricardo Eletro - F012 - BOM DESPACHO - MG', 1, 0, 1, 7, 5, 'refil012@maquinadevendas.com.br'),
	(79, 'Ricardo Eletro - F008 - BETIM - MG', 1, 0, 1, 7, 5, 'refil008@maquinadevendas.com.br'),
	(80, 'Ricardo Eletro - F007 - FORMIGA - MG', 1, 0, 1, 7, 5, 'refil007@maquinadevendas.com.br'),
	(81, 'Ricardo Eletro - F006 - ITAÃšNA - MG', 1, 0, 1, 7, 5, 'refil006@maquinadevendas.com.br'),
	(82, 'Ricardo Eletro - F004 - NOVA SERRANA - MG', 1, 0, 1, 7, 5, 'refil004@maquinadevendas.com.br'),
	(83, 'Ricardo Eletro - F003 - DIVINÃ“POLIS III - MG', 1, 0, 1, 7, 5, 'refil003@maquinadevendas.com.br'),
	(84, 'Ricardo Eletro - F001 - DIVINÃ“POLIS II -MG', 1, 0, 1, 7, 5, 'refil001@maquinadevendas.com.br'),
	(85, 'Ricardo Eletro - F000 - DIVINÃ“POLIS I (22) -', 1, 0, 1, 7, 5, 'gerente022@maquinadevendas.com.br'),
	(86, 'Ricardo Eletro - F011 - PARA DE MINAS -MG', 1, 0, 1, 7, 5, 'refil011@maquinadevendas.com.br'),
	(87, 'Carlos Saraiva - F001 - SHOPPING UBERLANDIA I', 1, 0, 1, 7, 4, 'loja001@maquinadevendas.com.br'),
	(88, 'Carlos Saraiva - F002 - UBERABA', 1, 0, 1, 7, 4, 'loja002@maquinadevendas.com.br'),
	(89, 'Carlos Saraiva - F009 - UBERLANDIA A PENA', 1, 0, 1, 7, 4, 'loja009@maquinadevendas.com.br'),
	(90, 'Carlos Saraiva - F014 - ITUIUTABA', 1, 0, 1, 7, 4, 'loja014@maquinadevendas.com.br'),
	(91, 'Carlos Saraiva - F022 - PATOS DE MINAS', 1, 0, 1, 7, 4, 'loja022@maquinadevendas.com.br'),
	(92, 'Carlos Saraiva - F024 - Araxá - MG', 1, 0, 1, 7, 4, 'loja024@maquinadevendas.com.br'),
	(93, 'Carlos Saraiva - F028 - ARAGUARI', 1, 0, 1, 7, 4, 'loja028@maquinadevendas.com.br'),
	(94, 'Carlos Saraiva - F058 - UBERLANDIA CENTER SHO', 1, 0, 1, 7, 4, 'loja058@maquinadevendas.com.br'),
	(95, 'Carlos Saraiva - F096 - PARACATU', 1, 0, 1, 7, 4, 'loja096@maquinadevendas.com.br'),
	(96, 'Carlos Saraiva - F099 - UNAI', 1, 0, 1, 7, 4, 'loja099@maquinadevendas.com.br'),
	(97, 'Carlos Saraiva - F011 - Rio Verde - GO', 1, 0, 1, 7, 4, 'loja011@maquinadevendas.com.br'),
	(98, 'Vendedor CSJ', 1, 0, 0, 19, 1, ''),
	(99, 'PontoCom', 1, 0, 0, 8, 5, ''),
	(100, 'Ricardo Eletro - F116 - Paulo Afonso - BA', 1, 0, 1, 7, 5, 'refil116@maquinadevendas.com.br'),
	(101, 'Carlos Saraiva - F004 - AP GOIANIA BURITI', 1, 0, 1, 7, 4, 'loja004@maquinadevendas.com.br'),
	(102, 'Carlos Saraiva - F006 - Anapolis e Portela -', 1, 0, 1, 7, 4, 'loja006@maquinadevendas.com.br'),
	(103, 'Ricardo Eletro - F034 - GOVERNADOR VALADARES', 1, 0, 1, 7, 5, 'refil034@maquinadevendas.com.br'),
	(104, 'Ricardo Eletro - F069 - TUPINAMBÃ', 1, 0, 1, 7, 5, 'refil069@maquinadevendas.com.br'),
	(105, 'zzzzzzzz', 0, 0, 1, 7, 5, 'refil048@maquinadevendas.com.br'),
	(106, 'Pastinha', 1, 1, 0, 1, 1, NULL),
	(107, 'Nichos', 1, 0, 0, 1, 1, NULL),
	(108, 'SOLD', 0, 1, 0, 7, 1, NULL),
	(109, 'Ricardo Eletro - F270 - JANAÃšBA - MG', 1, 0, 1, 7, 5, 'refil270@maquinadevendas.com.br'),
	(110, 'Ricardo Eletro - F272 - SALINAS', 1, 0, 1, 7, 5, 'refil272@maquinadevendas.com.br'),
	(112, 'Ricardo Eletro - F269 - MONTES CLAROS -  MG', 1, 0, 1, 7, 5, 'refil269@maquinadevendas.com.br'),
	(114, 'Ricardo Eletro - F283 - DIVINOPOLIS - MG', 1, 0, 1, 7, 5, 'refil283@maquinadevendas.com.br'),
	(116, 'Convenção', 1, 0, 0, 8, 2, NULL),
	(118, 'Ricardo Eletro - F268 - Cataguases - MG', 1, 0, 1, 7, 5, 'refil268@maquinadevendas.com.br'),
	(120, 'Teste Recobrança', 1, 0, 1, 10, 5, NULL),
	(122, 'Ricardo Eletro - F285 - Diamantina', 1, 0, 1, 7, 5, 'refil285@maquinadevendas.com.br'),
	(124, 'Ricardo Eletro - F273 - Ibirité -', 1, 0, 1, 7, 5, 'refil273@maquinadevendas.com.br'),
	(126, 'Ricardo Eletro - F286 - Ribeirão das Neves', 1, 0, 1, 7, 5, 'refil286@maquinadevendas.com.br'),
	(128, 'Ricardo Eletro - F040 - CuritibaII - MG', 0, 0, 1, 7, 5, 'refil040@maquinadevendas.com.br'),
	(130, 'Ricardo Eletro - F232- SHOP MACAE RJ', 1, 0, 1, 7, 5, 'refil232@maquinadevendas.com.br'),
	(132, 'Ricardo Eletro - F276 - RIO DAS OSTRAS RJ', 1, 0, 1, 7, 5, 'refil276@maquinadevendas.com.br'),
	(134, 'Ricardo Eletro - F250 - Itaborai - RJ', 1, 0, 1, 7, 5, 'refil250@maquinadevendas.com.br'),
	(136, 'Ricardo Eletro - F275 - Rio Bonito - RJ', 1, 0, 1, 7, 5, 'refil275@maquinadevendas.com.br'),
	(138, 'Ricardo Eletro - F213 - Piabeta - RJ', 1, 0, 1, 7, 5, 'refil213@maquinadevendas.com.br'),
	(140, 'Ricardo Eletro - F231 - Barra do Pirai - RJ', 1, 0, 1, 7, 5, 'refil231@maquinadevendas.com.br'),
	(142, 'Ricardo Eletro - F178 - Volta Redonda - RJ', 1, 0, 1, 7, 5, 'refil178@maquinadevendas.com.br'),
	(144, 'Ricardo Eletro - F202 - Santa Cruz - RJ', 1, 0, 1, 7, 5, 'refil202@maquinadevendas.com.br'),
	(146, 'Ricardo Eletro - F253 - Cabo Frio - RJ', 1, 0, 1, 7, 5, 'refil253@maquinadevendas.com.br'),
	(148, 'Ricardo Eletro - F274 - Magé - RJ', 1, 0, 1, 7, 5, 'refil274@maquinadevendas.com.br'),
	(150, 'Ricardo Eletro - F230 - Campo Grande RJ', 1, 0, 1, 7, 5, 'refil230@maquinadevendas.com.br'),
	(152, 'Ricardo Eletro - F147 - Shop Salvador - BA', 1, 0, 1, 7, 5, 'refil147@maquinadevendas.com.br'),
	(154, 'Ricardo Eletro - F127 - Salvador - BA', 1, 0, 1, 7, 5, 'refil127@maquinadevendas.com.br'),
	(156, 'Ricardo Eletro - F209 - Barra Mansa RJ', 1, 0, 1, 7, 5, 'refil209@maquinadevendas.com.br'),
	(158, 'Ricardo Eletro - F217 - Campo Grande RJ', 1, 0, 1, 7, 5, 'refil217@maquinadevendas.com.br'),
	(160, 'Ricardo Eletro - F277 - Resende - RJ', 1, 0, 1, 7, 5, 'refil277@maquinadevendas.com.br'),
	(162, 'Ricardo Eletro - F254 - Macaé - RJ', 1, 0, 1, 7, 5, 'refil254@maquinadevendas.com.br'),
	(164, 'Ricardo Eletro - F106 - Lauro de Freitas - BA', 1, 0, 1, 7, 5, 'refil106@maquinadevendas.com.br'),
	(166, 'Ricardo Eletro - F108 - Simoes Filho - BA', 1, 0, 1, 7, 5, 'refil108@maquinadevendas.com.br'),
	(168, 'Ricardo Eletro - F255 - Campos - RJ', 1, 0, 1, 7, 5, 'refil255@maquinadevendas.com.br'),
	(170, 'Ricardo Eletro - F214 - Itaboraí - RJ', 1, 0, 1, 7, 5, 'refil214@maquinadevendas.com.br'),
	(172, 'Ricardo Eletro - F171 - Bangu - RJ', 1, 0, 1, 7, 5, 'refil171@maquinadevendas.com.br'),
	(174, 'Ricardo Eletro - F245 - Taquara - RJ', 1, 0, 1, 7, 5, 'refil245@maquinadevendas.com.br'),
	(176, 'Ricardo Eletro - F223 - BarraShopping - RJ', 1, 0, 1, 7, 5, 'refil223@maquinadevendas.com.br'),
	(178, 'Ricardo Eletro - F216 - Méier - RJ', 1, 0, 1, 7, 5, 'refil216@maquinadevendas.com.br'),
	(180, 'Ricardo Eletro - F279 - Santa Cruz - RJ', 1, 0, 1, 7, 5, 'refil279@maquinadevendas.com.br'),
	(182, 'Ricardo Eletro - F282 - Rio das Pedras - RJ', 1, 0, 1, 7, 5, 'refil282@maquinadevendas.com.br'),
	(184, 'Ricardo Eletro - F194 - Penha - RJ', 1, 0, 1, 7, 5, 'refil194@maquinadevendas.com.br'),
	(186, 'Ricardo Eletro - F181 - Niterói - RJ', 1, 0, 1, 7, 5, 'refil181@maquinadevendas.com.br'),
	(188, 'Ricardo Eletro - F261 - Guanabara Barra - RJ', 1, 0, 1, 7, 5, 'refil261@maquinadevendas.com.br'),
	(190, 'Ricardo Eletro - F167 - Copacabana - RJ', 1, 0, 1, 7, 5, 'refil167@maquinadevendas.com.br'),
	(192, 'Ricardo Eletro - F168 - Madureira - RJ', 1, 0, 1, 7, 5, 'refil168@maquinadevendas.com.br'),
	(194, 'Ricardo Eletro - F222 - Via Parque Shop - RJ', 1, 0, 1, 7, 5, 'refil222@maquinadevendas.com.br'),
	(196, 'Ricardo Eletro - F237 - Shopping Bangu - RJ', 1, 0, 1, 7, 5, 'refil237@maquinadevendas.com.br'),
	(198, 'Ricardo Eletro - F169 - Uruguaiana - RJ', 1, 0, 1, 7, 5, 'refil169@maquinadevendas.com.br'),
	(200, 'Ricardo Eletro - F247 - São Gonçalo - RJ', 1, 0, 1, 7, 5, 'refil247@maquinadevendas.com.br'),
	(202, 'Ricardo Eletro - F226 - Teresópolis - RJ', 1, 0, 1, 7, 5, 'refil226@maquinadevendas.com.br'),
	(204, 'Ricardo Eletro - F182 - Nilópolis - RJ', 1, 0, 1, 7, 5, 'refil182@maquinadevendas.com.br'),
	(206, 'Ricardo Eletro - F212 - Belford Roxo - RJ', 1, 0, 1, 7, 5, 'refil212@maquinadevendas.com.br'),
	(208, 'Ricardo Eletro - F238 - Shopping Passeio - RJ', 1, 0, 1, 7, 5, 'refil238@maquinadevendas.com.br'),
	(210, 'Ricardo Eletro - F224 - Shop 3 Rios - RJ', 1, 0, 1, 7, 5, 'refil224@maquinadevendas.com.br'),
	(212, 'Ricardo Eletro - F264 - Resende - RJ', 1, 0, 1, 7, 5, 'refil264@maquinadevendas.com.br'),
	(214, 'Ricardo Eletro - F248 - Méier II - RJ', 1, 0, 1, 7, 5, 'refil248@maquinadevendas.com.br'),
	(216, 'Ricardo Eletro - F195 - S J Meriti - RJ', 1, 0, 1, 7, 5, 'refil195@maquinadevendas.com.br'),
	(218, 'Ricardo Eletro - F236 - Shop. Gde Rio - RJ', 1, 0, 1, 7, 5, 'refil236@maquinadevendas.com.br'),
	(220, 'Ricardo Eletro - F176 - Ilha Plaza - RJ', 1, 0, 1, 7, 5, 'refil176@maquinadevendas.com.br'),
	(222, 'Ricardo Eletro - F203 - Norte Shopping - RJ', 1, 0, 1, 7, 5, 'refil203@maquinadevendas.com.br'),
	(224, 'Carlos Saraiva - F019 - LuziÃ¢nia - GO', 1, 0, 1, 7, 4, 'loja019cs@maquinadevendas.com.br'),
	(226, 'Carlos Saraiva - F025 - Formosa - GO', 1, 0, 1, 7, 4, 'loja025@maquinadevendas.com.br'),
	(228, 'Carlos Saraiva - F026 - CeilÃ¢ndia - DF', 1, 0, 1, 7, 4, 'loja026@maquinadevendas.com.br'),
	(230, 'Carlos Saraiva - F027 - Gama DF', 1, 0, 1, 7, 4, 'loja027@maquinadevendas.com.br'),
	(232, 'Carlos Saraiva - F029 - Núcleo Bandeirante D', 1, 0, 1, 7, 4, 'loja029@maquinadevendas.com.br'),
	(234, 'Carlos Saraiva - F030 - Conjunto Nacional DF', 1, 0, 1, 7, 4, 'loja030@maquinadevendas.com.br'),
	(236, 'Carlos Saraiva - F035 - Samambaia - DF', 1, 0, 1, 7, 4, 'loja035@maquinadevendas.com.br'),
	(238, 'Carlos Saraiva - F037 - Recanto das Emas - DF', 1, 0, 1, 7, 4, 'loja037@maquinadevendas.com.br'),
	(240, 'Carlos Saraiva - F038 - Aguas Lindas - GO', 1, 0, 1, 7, 4, 'loja038@maquinadevendas.com.br'),
	(242, 'Carlos Saraiva - F039 - Planaltina - GO', 1, 0, 1, 7, 4, 'loja039@maquinadevendas.com.br'),
	(244, 'Carlos Saraiva - F041- Valparaíso - GO', 1, 0, 1, 7, 4, 'loja041@maquinadevendas.com.br'),
	(246, 'Carlos Saraiva - F043 - Sobradinho - DF', 1, 0, 1, 7, 4, 'loja043@maquinadevendas.com.br'),
	(248, 'Carlos Saraiva - F045 - Paranoá -', 1, 0, 1, 7, 4, 'loja045@maquinadevendas.com.br'),
	(250, 'Carlos Saraiva - F047 - Planaltina - DF', 1, 0, 1, 7, 4, 'loja047@maquinadevendas.com.br'),
	(252, 'Carlos Saraiva - F049 - Brazlandia - GO', 1, 0, 1, 7, 4, 'loja049@maquinadevendas.com.br'),
	(254, 'Carlos Saraiva - F056 - Sto Antonio do Descob', 1, 0, 1, 7, 4, 'loja056@maquinadevendas.com.br'),
	(256, 'Carlos Saraiva - F087 - São Sebastião', 1, 0, 1, 7, 4, 'loja087@maquinadevendas.com.br'),
	(258, 'Carlos Saraiva - F097 - Novo Gama', 1, 0, 1, 7, 4, 'loja097@maquinadevendas.com.br'),
	(260, 'Carlos Saraiva - F109 - Taguatinga - DF', 1, 0, 1, 7, 4, 'loja109@maquinadevendas.com.br'),
	(262, 'Carlos Saraiva - F112 - Taguatinga Shopping -', 1, 0, 1, 7, 4, 'loja112@maquinadevendas.com.br'),
	(264, 'Carlos Saraiva - F115 - Valparaíso Shopping', 1, 0, 1, 7, 4, 'loja115@maquinadevendas.com.br'),
	(266, 'Ricardo Eletro', 0, 0, 1, 7, 5, NULL),
	(268, 'Ricardo Eletro - F241 - Uruguaiana II - RJ', 1, 0, 1, 7, 5, 'refil241@maquinadevendas.com.br'),
	(270, 'Ricardo Eletro - F288 - Araruama - RJ', 1, 0, 1, 7, 5, 'refil288@maquinadevendas.com.br'),
	(272, 'Ricardo Eletro - F289 - Shopping Estação BH', 1, 0, 1, 7, 5, 'refil289@maquinadevendas.com.br'),
	(274, 'Ricardo Eletro - F249 - Niteroi - RJ', 1, 0, 1, 7, 5, 'refil249@maquinadevendas.com.br'),
	(276, 'Ricardo Eletro - F052 - Vitória - ES', 1, 0, 1, 7, 5, 'refil052@maquinadevendas.com.br'),
	(278, 'Ricardo Eletro - F054 - Cariacica - ES', 1, 0, 1, 7, 5, 'refil054@maquinadevendas.com.br'),
	(280, 'Ricardo Eletro - F055 - Vilha Velha Centro ES', 1, 0, 1, 7, 5, 'refil055@maquinadevendas.com.br'),
	(282, 'Ricardo Eletro - F056 - Laranjeiras I - ES', 1, 0, 1, 7, 5, 'refil056@maquinadevendas.com.br'),
	(284, 'Ricardo Eletro - F057 - Goiabeiras - ES', 1, 0, 1, 7, 5, 'refil057@maquinadevendas.com.br'),
	(286, 'Ricardo Eletro - F061 - Shopping Praia - ES', 1, 0, 1, 7, 5, 'refil061@maquinadevendas.com.br'),
	(288, 'Ricardo Eletro - F062 - Vila Velha - ES', 1, 0, 1, 7, 5, 'refil062@maquinadevendas.com.br'),
	(290, 'Ricardo Eletro - F066 - Linhares - ES', 1, 0, 1, 7, 5, 'refil066@maquinadevendas.com.br'),
	(292, 'Ricardo Eletro - F067 - Colatina - ES', 1, 0, 1, 7, 5, 'refil067@maquinadevendas.com.br'),
	(294, 'Ricardo Eletro - F072 - Guarapari - ES', 1, 0, 1, 7, 5, 'refil072@maquinadevendas.com.br'),
	(296, 'Ricardo Eletro - F078 - Cachoeiro do Itapemir', 1, 0, 1, 7, 5, 'refil078@maquinadevendas.com.br'),
	(298, 'Ricardo Eletro - F082 - Cariacica II - ES', 1, 0, 1, 7, 5, 'refil082@maquinadevendas.com.br'),
	(300, 'Ricardo Eletro - F175 - Tijuca SaensPena - RJ', 1, 0, 1, 7, 5, 'refil175@maquinadevendas.com.br'),
	(302, 'Ricardo Eletro - F246 - Copacabana - RJ', 1, 0, 1, 7, 5, 'refil246@maquinadevendas.com.br'),
	(304, 'Ricardo Eletro - F271 - Céu Azul - MG', 1, 0, 1, 7, 5, 'refil271@maquinadevendas.com.br'),
	(306, 'Ricardo Eletro - F220 - Lauro de Freitas - BA', 1, 0, 1, 7, 5, 'refil220@maquinadevendas.com.br'),
	(308, 'Ricardo Eletro - F103 - São Mateus - ES', 1, 0, 1, 7, 5, 'refil103@maquinadevendas.com.br'),
	(310, 'Ricardo Eletro - F121 - Laranjeiras II Serra', 1, 0, 1, 7, 5, 'refil121@maquinadevendas.com.br'),
	(312, 'Ricardo Eletro - F153 - Reta da Penha - ES', 1, 0, 1, 7, 5, 'refil153@maquinadevendas.com.br'),
	(314, 'Ricardo Eletro - F155 - Serra Jacaraípe - ES', 1, 0, 1, 7, 5, 'refil155@maquinadevendas.com.br'),
	(316, 'Ricardo Eletro - F160 - Carapina - ES', 1, 0, 1, 7, 5, 'refil160@maquinadevendas.com.br'),
	(318, 'Ricardo Eletro - F235 - Princesa Isabel - ES', 1, 0, 1, 7, 5, 'refil235@maquinadevendas.com.br'),
	(320, 'Ricardo Eletro - F284 - Shopping Mestre A - E', 1, 0, 1, 7, 5, 'refil284@maquinadevendas.com.br'),
	(322, 'Ricardo Eletro - F142 - Dias DAvila - BA', 1, 0, 1, 7, 5, 'refil142@maquinadevendas.com.br'),
	(324, 'Carlos Saraiva - F003 - Catalão - GO', 1, 0, 1, 7, 4, 'loja003@maquinadevendas.com.br'),
	(326, 'Carlos Saraiva - F005 - Goiania - GO', 1, 0, 1, 7, 4, 'loja005@maquinadevendas.com.br'),
	(328, 'Carlos Saraiva - F007 - Anapolis - GO', 1, 0, 1, 7, 4, 'loja007@maquinadevendas.com.br'),
	(330, 'Carlos Saraiva - F008 - Goiania Anhang - GO', 1, 0, 1, 7, 4, 'loja008@maquinadevendas.com.br'),
	(332, 'Carlos Saraiva - F010 - Goiania Anhang - GO', 1, 0, 1, 7, 4, 'loja010@maquinadevendas.com.br'),
	(334, 'Carlos Saraiva - F012 - Goiania Anhang - GO', 1, 0, 1, 7, 4, 'loja012@maquinadevendas.com.br'),
	(336, 'Carlos Saraiva - F013 - Itumbiara - GO', 1, 0, 1, 7, 4, 'loja013@maquinadevendas.com.br'),
	(338, 'Ricardo Eletro - F278 - Guarani - MG', 1, 0, 1, 7, 5, 'refil278@maquinadevendas.com.br'),
	(340, 'Ricardo Eletro - F229 - Petrolina', 1, 0, 1, 7, 5, 'refil229@maquinadevendas.com.br'),
	(342, 'Carlos Saraiva - F079 - Ribeirão Preto PXV -', 1, 0, 1, 7, 4, 'loja079@maquinadevendas.com.br'),
	(344, 'Carlos Saraiva - F083 - Franca - SP', 1, 0, 1, 7, 4, 'loja083@maquinadevendas.com.br'),
	(346, 'Carlos Saraiva - F088 - Sertãozinho - SP', 1, 0, 1, 7, 4, 'loja088@maquinadevendas.com.br'),
	(348, 'Administrativo City Lar', 1, 0, 0, 8, 2, ''),
	(350, 'MKT PontoCom', 1, 0, 0, 5, 5, ''),
	(352, 'Carlos Saraiva - F100 - Goiania Pio XII - GO', 1, 0, 1, 7, 4, 'loja100@maquinadevendas.com.br'),
	(354, 'Carlos Saraiva - F101 - Senador Canedo - GO', 1, 0, 1, 7, 4, 'loja101@maquinadevendas.com.br'),
	(356, 'Carlos Saraiva - F108 - Goiania Portal', 1, 0, 1, 7, 4, 'loja108@maquinadevendas.com.br'),
	(358, 'Carlos Saraiva - F110 - Goiania Shopping -', 1, 0, 1, 7, 4, 'loja110@maquinadevendas.com.br'),
	(360, 'Carlos Saraiva - F114 - Brasil Park Shop - GO', 1, 0, 1, 7, 4, 'loja114@maquinadevendas.com.br'),
	(362, 'Ricardo Eletro - F177 - Shopping Iguatemi -RJ', 1, 0, 1, 7, 5, 'refil177@maquinadevendas.com.br'),
	(364, 'Ricardo Eletro - F198 - S J Meriti II - RJ', 1, 0, 1, 7, 5, 'refil198@maquinadevendas.com.br'),
	(366, 'Carlos Saraiva - F020 - Anapolis Bom Jesus -', 1, 0, 1, 7, 4, 'loja020@maquinadevendas.com.br'),
	(368, 'Marketing City Lar', 1, 0, 0, 8, 2, ''),
	(370, 'Carlos Saraiva - F023 - Goiania Anhang - GO', 1, 0, 1, 7, 4, 'loja023@maquinadevendas.com.br'),
	(372, 'Carlos Saraiva - F031 - Goiania 24Out - GO', 1, 0, 1, 7, 4, 'loja031@maquinadevendas.com.br'),
	(374, 'Mercado Livre', 1, 0, 1, 1, 5, ''),
	(376, 'Carlos Saraiva - F054 - Caldas Novas', 1, 0, 1, 7, 4, 'loja054@maquinadevendas.com.br'),
	(378, 'Carlos Saraiva - F042 - Quirinopolis - GO', 1, 0, 1, 7, 4, 'loja042@maquinadevendas.com.br'),
	(380, 'Carlos Saraiva - F044 - Jatai - GO', 1, 0, 1, 7, 4, 'loja044@maquinadevendas.com.br'),
	(382, 'Carlos Saraiva - F046 - Cristalina - GO', 1, 0, 1, 7, 4, 'loja046@maquinadevendas.com.br'),
	(384, 'Carlos Saraiva - F050 - Goianesia - GO', 1, 0, 1, 7, 4, 'loja050@maquinadevendas.com.br'),
	(386, 'Carlos Saraiva - F051 - Aparec Goiania - GO', 1, 0, 1, 7, 4, 'loja051@maquinadevendas.com.br'),
	(388, 'Carlos Saraiva - F053 - Santa Helena - GO', 1, 0, 1, 7, 4, 'loja053@maquinadevendas.com.br'),
	(390, 'Carlos Saraiva - F076 - Anapolis Jayara - GO', 1, 0, 1, 7, 4, 'loja076@maquinadevendas.com.br'),
	(392, 'Carlos Saraiva - F055 - Mineiros - GO', 1, 0, 1, 7, 4, 'loja055@maquinadevendas.com.br'),
	(394, 'Ricardo Eletro - F184 - Jacobina - BA', 1, 0, 1, 7, 5, 'refil184@maquinadevendas.com.br'),
	(396, 'Ricardo Eletro - F185 - Juazeiro - BA', 1, 0, 1, 7, 5, 'refil185@maquinadevendas.com.br'),
	(398, 'Ricardo Eletro - F180 - Nova Iguaçu - RJ', 1, 0, 1, 7, 5, 'refil180@maquinadevendas.com.br'),
	(400, 'Ricardo Eletro - F098 - Vitória da Conquista', 1, 0, 1, 7, 5, 'refil098@maquinadevendas.com.br'),
	(402, 'Ricardo Eletro - F117 - Jequie - BA', 1, 0, 1, 7, 5, 'refil117@maquinadevendas.com.br'),
	(404, 'Ricardo Eletro - F151 - Alagoinhas - BA', 1, 0, 1, 7, 5, 'refil151@maquinadevendas.com.br'),
	(406, 'Ricardo Eletro - F105 - Sto Antonio J - BA', 1, 0, 1, 7, 5, 'refil105@maquinadevendas.com.br'),
	(408, 'Ricardo Eletro - F138 (22) - Rio de Janeiro', 1, 0, 1, 7, 5, 'refil138@maquinadevendas.com.br'),
	(410, 'Ricardo Eletro - F225 - Porto Seguro - BA', 1, 0, 1, 7, 5, 'refil225@maquinadevendas.com.br'),
	(412, 'Ricardo Eletro - F227 - Petrópolis - RJ', 1, 0, 1, 7, 5, 'refil227@maquinadevendas.com.br'),
	(414, 'REVE-CLEARSALE', 1, 1, 0, 7, 3, NULL),
	(416, 'Ricardo Eletro - F206 - Itapetinga - BA', 1, 0, 1, 7, 5, 'refil206@maquinadevendas.com.br'),
	(418, 'Ricardo Eletro - F131 - Aracaju - SE', 1, 0, 1, 7, 5, 'refil131@maquinadevendas.com.br'),
	(420, 'Ricardo Eletro - F087 - Calçada - BA', 1, 0, 1, 7, 5, 'refil087@maquinadevendas.com.br'),
	(422, 'Ricardo Eletro - F093 - Shopping Paralela -BA', 1, 0, 1, 7, 5, 'refil093@maquinadevendas.com.br'),
	(424, 'Ricardo Eletro - F095 - Cajazeiras - BA', 1, 0, 1, 7, 5, 'refil095@maquinadevendas.com.br'),
	(426, 'Ricardo Eletro - F104 - Pau da Lima - BA', 1, 0, 1, 7, 5, 'refil104@maquinadevendas.com.br'),
	(428, 'Ricardo Eletro - F112 - Feira de Santana - BA', 1, 0, 1, 7, 5, 'refil112@maquinadevendas.com.br'),
	(430, 'Ricardo Eletro - F126 - Candeias - BA', 1, 0, 1, 7, 5, 'refil126@maquinadevendas.com.br'),
	(432, 'Ricardo Eletro - F130 - Feira de Santana - BA', 1, 0, 1, 7, 5, 'refil130@maquinadevendas.com.br'),
	(434, 'Ricardo Eletro - F149 - Sussuarana - BA', 1, 0, 1, 7, 5, 'refil149@maquinadevendas.com.br'),
	(436, 'Ricardo Eletro - F139 - Vitória da Conquista', 1, 0, 1, 7, 5, 'refil139@maquinadevendas.com.br'),
	(438, 'Carlos Saraiva - F052 - Inhumas - GO', 1, 0, 1, 7, 4, 'loja052@maquinadevendas.com.br'),
	(440, 'Ricardo Eletro - F128 - Valença - BA', 1, 0, 1, 7, 5, 'refil128@maquinadevendas.com.br'),
	(442, 'Ricardo Eletro - F113 - Feira de Santana II -', 1, 0, 1, 7, 5, 'refil113@maquinadevendas.com.br'),
	(444, 'Ricardo Eletro - F132 - Cruz das Almas - BA', 1, 0, 1, 7, 5, 'refil132@maquinadevendas.com.br'),
	(446, 'Ricardo Eletro - F191 - Macéio - AL', 1, 0, 1, 7, 5, 'refil191@maquinadevendas.com.br'),
	(448, 'Ricardo Eletro - F219 - Petrolina - PE', 1, 0, 1, 7, 5, 'refil219@maquinadevendas.com.br'),
	(450, 'Ricardo Eletro - F088 - Shopping Piedade - BA', 1, 0, 1, 7, 5, 'refil088@maquinadevendas.com.br'),
	(452, 'Ricardo Eletro - F089 - Av Sete - BA', 1, 0, 1, 7, 5, 'refil089@maquinadevendas.com.br'),
	(454, 'Ricardo Eletro - F090 - Shopping Iguatemi - B', 1, 0, 1, 7, 5, 'refil090@maquinadevendas.com.br'),
	(456, 'Ricardo Eletro - F091 - Camaçari - BA', 1, 0, 1, 7, 5, 'refil091@maquinadevendas.com.br'),
	(458, 'Ricardo Eletro - F092 - Liberdade - BA', 1, 0, 1, 7, 5, 'refil092@maquinadevendas.com.br'),
	(460, 'Ricardo Eletro - F096 - Av Sete - BA', 1, 0, 1, 7, 5, 'refil096@maquinadevendas.com.br'),
	(462, 'Ricardo Eletro - F101 - Itapuã', 1, 0, 1, 7, 5, 'refil101@maquinadevendas.com.br'),
	(464, 'Ricardo Eletro - F120 - Eunapolis', 1, 0, 1, 7, 5, 'refil120@maquinadevendas.com.br'),
	(466, 'Ricardo Eletro - F133 - Aracaju', 1, 0, 1, 7, 5, 'refil133@maquinadevendas.com.br'),
	(468, 'Ricardo Eletro - F107 - Pituba - BA', 1, 0, 1, 7, 5, 'refil107@maquinadevendas.com.br'),
	(470, 'Ricardo Eletro - F111 - São Caetano - BA', 1, 0, 1, 7, 5, 'refil111@maquinadevendas.com.br'),
	(472, 'Ricardo Eletro - F115 - Brotas - BA', 1, 0, 1, 7, 5, 'refil115@maquinadevendas.com.br'),
	(474, 'Ricardo Eletro - F125 - Sete Portas - BA', 1, 0, 1, 7, 5, 'refil125@maquinadevendas.com.br'),
	(476, 'Ricardo Eletro - F141 - Paripe - BA', 1, 0, 1, 7, 5, 'refil141@maquinadevendas.com.br'),
	(478, 'Ricardo Eletro - F145 - Santo Amaro - BA', 1, 0, 1, 7, 5, 'refil145@maquinadevendas.com.br'),
	(480, 'Ricardo Eletro - F148 - Tancredo Neves', 1, 0, 1, 7, 5, 'refil148@maquinadevendas.com.br'),
	(482, 'Ricardo Eletro - F150 - Barra - BA', 1, 0, 1, 7, 5, 'refil150@maquinadevendas.com.br'),
	(484, 'Ricardo Eletro - F144 - Itabaiana - SE', 1, 0, 1, 7, 5, 'refil144@maquinadevendas.com.br'),
	(486, 'Ricardo Eletro - F137 - Shopping Aracaju - SE', 1, 0, 1, 7, 5, 'refil137@maquinadevendas.com.br'),
	(488, 'Ricardo Eletro - F192 - Maceio - AL', 1, 0, 1, 7, 5, 'refil192@maquinadevendas.com.br'),
	(490, 'Ricardo Eletro - F186 - Serrinha - BA', 1, 0, 1, 7, 5, 'refil186@maquinadevendas.com.br'),
	(492, 'Ricardo Eletro - F163 - Maceio - AL', 1, 0, 1, 7, 5, 'refil163@maquinadevendas.com.br'),
	(494, 'Ricardo Eletro - F266 - Aracaju IV', 1, 0, 1, 7, 5, 'refil266@maquinadevendas.com.br'),
	(496, 'Ricardo Eletro - F134 - Itabuna - BA', 1, 0, 1, 7, 5, 'refil134@maquinadevendas.com.br'),
	(498, 'Ricardo Eletro - F187 - Vitoria Conquista-BA', 1, 0, 1, 7, 5, 'refil187@maquinadevendas.com.br'),
	(500, 'Ricardo Eletro - F193 - Maceio - AL', 1, 0, 1, 7, 5, 'refil193@maquinadevendas.com.br'),
	(502, 'Ricardo Eletro - F204 - São Gonçalo - RJ', 1, 0, 1, 7, 5, 'refil204@maquinadevendas.com.br'),
	(504, 'Ricardo Eletro - F243 - Nova Iguacu - RJ', 1, 0, 1, 7, 5, 'refil243@maquinadevendas.com.br'),
	(506, 'Ricardo Eletro - F179 - Duque de Caxias - RJ', 1, 0, 1, 7, 5, 'refil179@maquinadevendas.com.br'),
	(508, 'Ricardo Eletro - F215 - São Gonçalo - RJ', 1, 0, 1, 7, 5, 'refil215@maquinadevendas.com.br'),
	(510, 'Ricardo Eletro - F119 - T de Freitas - BA', 1, 0, 1, 7, 5, 'refil119@maquinadevendas.com.br'),
	(512, 'Ricardo Eletro - F281 - Com. Rocinha - RJ', 1, 0, 1, 7, 5, 'refil281@maquinadevendas.com.br'),
	(514, 'Ricardo Eletro - F218 - Nova Iguaçu - RJ', 1, 0, 1, 7, 5, 'refil218@maquinadevendas.com.br'),
	(516, 'Ricardo Eletro - F239 - Niterói - RJ', 1, 0, 1, 7, 5, 'refil239@maquinadevendas.com.br'),
	(518, 'Ricardo Eletro - F196 - Madureira - RJ', 1, 0, 1, 7, 5, 'refil196@maquinadevendas.com.br'),
	(520, 'Ricardo Eletro - F197 - Nova Iguaçu - RJ', 1, 0, 1, 7, 5, 'refil197@maquinadevendas.com.br'),
	(522, 'Ricardo Eletro - F244 - Nilópolis - RJ', 1, 0, 1, 7, 5, 'refil244@maquinadevendas.com.br'),
	(524, 'Ricardo Eletro - F242 - S J Meriti - RJ', 1, 0, 1, 7, 5, 'refil242@maquinadevendas.com.br'),
	(526, 'Ricardo Eletro - F173 - Ilha do Governador-RJ', 1, 0, 1, 7, 5, 'refil173@maquinadevendas.com.br'),
	(528, 'Regional CL', 1, 0, 0, 8, 2, ''),
	(530, 'Ricardo Eletro - F118 - Ilhéus - BA', 1, 0, 1, 7, 5, 'refil118@maquinadevendas.com.br'),
	(532, 'Ricardo Eletro - F280 - Shopping Guadalupe-RJ', 1, 0, 1, 7, 5, 'refil180@maquinadevendas.com.br'),
	(534, 'Ricardo Eletro - F265 - Irajá - RJ', 1, 0, 1, 7, 5, 'refil265@maquinadevendas.com.br'),
	(536, 'Ricardo Eletro - F208 - Madureira - RJ', 1, 0, 1, 7, 5, 'refil208@maquinadevendas.com.br'),
	(538, 'Ricardo Eletro - F201 - Shop São Gonçalo -', 1, 0, 1, 7, 5, 'refil201@maquinadevendas.com.br'),
	(540, 'Ricardo Eletro - F211 - Itaguai - RJ', 1, 0, 1, 7, 5, 'refil211@maquinadevendas.com.br'),
	(542, 'Ricardo Eletro - F228 - Center Shopping - RJ', 1, 0, 1, 7, 5, 'refil228@maquinadevendas.com.br'),
	(544, 'Ricardo Eletro - F172 - Bonsucesso - RJ', 1, 0, 1, 7, 5, 'refil172@maquinadevendas.com.br'),
	(546, 'Marketing', 1, 0, 1, 7, 5, ''),
	(548, 'Ricardo Eletro - F086 - Irece - BA', 1, 0, 1, 7, 5, 'refil086@maquinadevendas.com.br'),
	(550, 'Teste', 1, 0, 1, 7, 5, ''),
	(552, 'City Lar - F000 - CUIABA 13 DE JUNHO-MT', 1, 0, 1, 8, 2, ''),
	(554, 'City Lar - F285 - CUIABA MOINHO-MT', 1, 0, 1, 8, 2, ''),
	(556, 'City Lar - F016 - 13 Junho II - Cuiabá - MT', 0, 0, 1, 8, 2, ''),
	(558, 'City Lar - F019 - Várzea Grande I', 1, 0, 1, 8, 2, ''),
	(560, 'City Lar - F023 - VARZEA GRANDE CRISTO REY-MT', 1, 0, 1, 8, 2, ''),
	(562, 'City Lar - F024 - CUIABA CPA NOVO HORIZONTE-M', 1, 0, 1, 8, 2, ''),
	(564, 'City Lar - F031 - CUIABA SHOPING 3 AMERICA-MT', 1, 0, 1, 8, 2, ''),
	(566, 'City Lar - F032 - CUIABA 13 DE JUNHO-MT', 1, 0, 1, 8, 2, ''),
	(568, 'City Lar - F033 - CUIABA CPA I', 1, 0, 1, 8, 2, ''),
	(570, 'City Lar - F045 - V.GRANDE COUTO MAGALHÃƒES-M', 1, 0, 1, 8, 2, ''),
	(572, 'City Lar - F145 - CUIABA PEDRA 90-MT', 1, 0, 1, 8, 2, ''),
	(574, 'City Lar - F155 - CUIABA SHOPING PANTANAL-MT', 1, 0, 1, 8, 2, ''),
	(576, 'City Lar - F247 - POCONE-MT', 1, 0, 1, 8, 2, ''),
	(578, 'City Lar - F258 - Cristo Rei - Várzea Grande', 1, 0, 1, 8, 2, ''),
	(580, 'City Lar - F265 - VARZEA GRANDE ALZIRA SANTAN', 1, 0, 1, 8, 2, ''),
	(582, 'City Lar - F268 - CUIABA 13 DE JUNHO-MT', 1, 0, 1, 8, 2, ''),
	(584, 'City Lar - F269 - VARZEA GRANDE JULIO CAMPOS-', 1, 0, 1, 8, 2, ''),
	(586, 'City Lar - F280 - CUIABA TIJUCAL-MT', 1, 0, 1, 8, 2, ''),
	(588, 'City Lar - F284 - CUIABA 13 DE JUNHO-MT', 1, 0, 1, 8, 2, ''),
	(590, 'City Lar - F286 - VARZEA GRANDE COUTO MAGALHÃ', 1, 0, 1, 8, 2, ''),
	(592, 'Ricardo Eletro - F291 - Durval de Barros', 1, 0, 1, 7, 5, ''),
	(593, 'Clube do Ricardo', 1, 0, 0, 10, 5, ''),
	(594, 'Televendas Com São Jorge', 1, 0, 1, 19, 5, ''),
	(596, 'City Lar - F001 - MIRASSOL D OESTE - MT', 1, 0, 1, 8, 2, ''),
	(597, 'City Lar - F194 - TRES LAGOAS-MS', 1, 0, 1, 8, 2, ''),
	(598, 'City Lar - F004 - SAO JOSE DOS 4 MARCOS - MT', 1, 0, 1, 8, 2, ''),
	(599, 'City Lar - F195 - CAMPO GRANDESHOPING COMPER', 1, 0, 1, 8, 2, ''),
	(600, 'City Lar - F197 - DOURADOS-MS', 1, 0, 1, 8, 2, ''),
	(601, 'City Lar - F005 - CUIABA - MT', 0, 0, 1, 8, 2, ''),
	(602, 'City Lar - F198 - TERESINA CENTRO FRENTE ESTA', 1, 0, 1, 8, 2, ''),
	(603, 'City Lar - F006 - ARAPUTANGA - MT', 1, 0, 1, 8, 2, ''),
	(604, 'City Lar - F199 - Teresina - PI', 1, 0, 1, 8, 2, ''),
	(605, 'City Lar - F007 - PONTES E LACERDA - MT', 1, 0, 1, 8, 2, ''),
	(606, 'City Lar - F008 - BARRA DO BUGRES-MT', 1, 0, 1, 8, 2, ''),
	(607, 'City Lar - F201 - Teresina - PI', 1, 0, 1, 8, 2, ''),
	(608, 'City Lar - F009 - CACERES PRIMEIRA LOJA-MT', 1, 0, 1, 8, 2, ''),
	(609, 'City Lar - F203 - Fortaleza - CE', 1, 0, 1, 8, 2, ''),
	(610, 'City Lar - F010 - CUIABA FERNANDO CORREA-MT', 1, 0, 1, 8, 2, ''),
	(611, 'City Lar - F202 - Fortaleza - CE', 1, 0, 1, 8, 2, ''),
	(612, 'City Lar - F204 - Fortaleza - CE', 1, 0, 1, 8, 2, ''),
	(613, 'City Lar - F205 - Fortaleza - CE', 1, 0, 1, 8, 2, ''),
	(614, 'City Lar - F206 - PORTO VELHO PRACA UTILAR -R', 1, 0, 1, 8, 2, ''),
	(615, 'City Lar - F207 - VILHENA SEGUNDA LOJA-RO', 1, 0, 1, 8, 2, ''),
	(616, 'City Lar - F208 - ARIQUEMES-RO', 1, 0, 1, 8, 2, ''),
	(617, 'City Lar - F209 - Jaru - RO', 1, 0, 1, 8, 2, ''),
	(618, 'City Lar - F210 - Araguaina - TO', 1, 0, 1, 8, 2, ''),
	(619, 'City Lar - F211 - Dom Eleseu - PA', 1, 0, 1, 8, 2, ''),
	(620, 'City Lar - F212 - Manaus - AM', 1, 0, 1, 8, 2, ''),
	(621, 'City Lar - F011 - CAMPO NOVO DO PARECIS - MT', 1, 0, 1, 8, 2, ''),
	(622, 'City Lar - F213 - Manaus - AM', 1, 0, 1, 8, 2, ''),
	(623, 'City Lar - F013 - SINOP - MT', 1, 0, 1, 8, 2, ''),
	(624, 'City Lar - F014 - CUIABA - MT', 1, 0, 1, 8, 2, ''),
	(625, 'City Lar - F017 - JUARA - MT', 1, 0, 1, 8, 2, ''),
	(626, 'City Lar - F018 - NOVA MUTUM - MT', 1, 0, 1, 8, 2, ''),
	(627, 'City Lar - F020 - APARECIDA DE GOIANIA - GO', 1, 0, 1, 8, 2, ''),
	(628, 'City Lar - F021 - CUIABA - MT', 1, 0, 1, 8, 2, ''),
	(629, 'City Lar - F022 - MANAUS - AM', 1, 0, 1, 8, 2, ''),
	(630, 'City Lar - F025 - CAMPO GRANDE SHOPING NORTE', 1, 0, 1, 8, 2, ''),
	(631, 'City Lar - F026 - CAMPO GRANDE - MS', 1, 0, 1, 8, 2, ''),
	(632, 'City Lar - F027 - CAMPO GRANDE CORONEL ANTONI', 1, 0, 1, 8, 2, ''),
	(633, 'City Lar - F016 - CUIABA - MT', 1, 0, 1, 8, 2, ''),
	(634, 'City Lar - F214 - TERESINA PARNAIBA-PI', 1, 0, 1, 8, 2, ''),
	(635, 'City Lar - F028 - CUIABA - MT', 1, 0, 1, 8, 2, ''),
	(636, 'City Lar - F029 - CUIABA - MT', 1, 0, 1, 8, 2, ''),
	(637, 'City Lar - F030 - CAMPO GRANDE CENTRO (GRAND', 1, 0, 1, 8, 2, ''),
	(638, 'City Lar - F287 - TANGARA DA SERRA - MT', 1, 0, 1, 8, 2, ''),
	(639, 'City Lar - F037 - ALTA FLORESTA - MT', 1, 0, 1, 8, 2, ''),
	(640, 'City Lar - F038 - JACIARA - MT', 1, 0, 1, 8, 2, ''),
	(641, 'City Lar - F039 - PRIMAVERA DO LESTE - MT', 1, 0, 1, 8, 2, ''),
	(642, 'City Lar - F040 - CUIABA - MT', 1, 0, 1, 8, 2, ''),
	(643, 'City Lar - F215 - Caucaia - CE', 1, 0, 1, 8, 2, ''),
	(644, 'City Lar - F041 - RONDONOPOLIS PRIMEIRA LOJA', 1, 0, 1, 8, 2, ''),
	(645, 'City Lar - F042 - JUINA - MT', 1, 0, 1, 8, 2, ''),
	(646, 'City Lar - F043 - SINOP PRIMEIRA LOJA-MT', 1, 0, 1, 8, 2, ''),
	(647, 'City Lar - F044 - CAMPO VERDE - MT', 1, 0, 1, 8, 2, ''),
	(648, 'City Lar - F216 - Maracanau - CE', 1, 0, 1, 8, 2, ''),
	(649, 'City Lar - F046 - LUCAS DO RIO VERDE - MT', 1, 0, 1, 8, 2, ''),
	(650, 'City Lar - F048 - SORRISO - MT', 0, 0, 1, 8, 2, ''),
	(651, 'City Lar - F048 - COLIDER - MT', 1, 0, 1, 8, 2, ''),
	(652, 'City Lar - F217 - Caucaia - CE', 1, 0, 1, 8, 2, ''),
	(653, 'City Lar - F049 - RONDONOPOLIS - MT', 1, 0, 1, 8, 2, ''),
	(654, 'City Lar - F218 - Caucaia - CE', 1, 0, 1, 8, 2, ''),
	(655, 'City Lar - F050 - RIO BRANCO - AC', 1, 0, 1, 8, 2, ''),
	(656, 'City Lar - F051 - CEREJEIRAS - RO', 1, 0, 1, 8, 2, ''),
	(657, 'City Lar - F219 - Tiangua - CE', 1, 0, 1, 8, 2, ''),
	(658, 'City Lar - F193 - COXIM - MS', 1, 0, 1, 8, 2, ''),
	(659, 'City Lar - F220 - Pocajus - CE', 1, 0, 1, 8, 2, ''),
	(660, 'City Lar - F221 - Itapipoca - CE', 1, 0, 1, 8, 2, ''),
	(661, 'City Lar - F191 - CORUMBA - MS', 1, 0, 1, 8, 2, ''),
	(662, 'City Lar - F190 - PONTA PORA - MS', 1, 0, 1, 8, 2, ''),
	(663, 'City Lar - F222 - Natal - RN', 1, 0, 1, 8, 2, ''),
	(664, 'City Lar - F223 - Natal - RN', 1, 0, 1, 8, 2, ''),
	(665, 'City Lar - F189 - CAMPO GRANDE - MS', 1, 0, 1, 8, 2, ''),
	(666, 'City Lar - F188 - CAMPO GRANDE - MS', 1, 0, 1, 8, 2, ''),
	(667, 'City Lar - F224 - Mossoro - RN', 1, 0, 1, 8, 2, ''),
	(668, 'City Lar - F187 - BOA VISTA - RR', 1, 0, 1, 8, 2, ''),
	(669, 'City Lar - F186 - BOA VISTA - RR', 1, 0, 1, 8, 2, ''),
	(670, 'City Lar - F183 - SENA MADUREIRA - AC', 1, 0, 1, 8, 2, ''),
	(671, 'City Lar - F225 - Parnamirim - RN', 1, 0, 1, 8, 2, ''),
	(672, 'City Lar - F182 - RIO BRANCO CENTRO LADO MARI', 1, 0, 1, 8, 2, ''),
	(673, 'City Lar - F226 - Joao Pessoa - PB', 1, 0, 1, 8, 2, ''),
	(674, 'City Lar - F181 - RIO BRANCO - AC', 1, 0, 1, 8, 2, ''),
	(675, 'City Lar - F179 - MANAUS - AM', 1, 0, 1, 8, 2, ''),
	(676, 'City Lar - F227- Campina Grande - PB', 1, 0, 1, 8, 2, ''),
	(677, 'City Lar - F178 - MANAUS - AM', 1, 0, 1, 8, 2, ''),
	(678, 'City Lar - F228 - Caruaru - PE', 1, 0, 1, 8, 2, ''),
	(679, 'City Lar - F177 - BOA VISTA - RR', 1, 0, 1, 8, 2, ''),
	(680, 'City Lar - F175 - NATAL - RN', 1, 0, 1, 8, 2, ''),
	(681, 'City Lar - F174 - NATAL - RN', 1, 0, 1, 8, 2, ''),
	(682, 'City Lar - F230 - Teresina - PI', 1, 0, 1, 8, 2, ''),
	(683, 'City Lar - F173 - BOA VISTA - RR', 1, 0, 1, 8, 2, ''),
	(684, 'City Lar - F231 - Porto Velho - RO', 1, 0, 1, 8, 2, ''),
	(685, 'City Lar - F232 - PORTO VELHO SHOPING PORTO V', 1, 0, 1, 8, 2, ''),
	(686, 'City Lar - F052 - COLORADO DO OESTE - RO', 1, 0, 1, 8, 2, ''),
	(687, 'City Lar - F053 - ESPIGAO DO OESTE - RO', 1, 0, 1, 8, 2, ''),
	(688, 'City Lar - F054 - GUAJARA-MIRIM - RO', 1, 0, 1, 8, 2, ''),
	(689, 'City Lar - F055 - MANAUS - AM', 1, 0, 1, 8, 2, ''),
	(690, 'City Lar - F233 - Rio Branco - AC', 1, 0, 1, 8, 2, ''),
	(691, 'City Lar - F058 - RIO BRANCO  TECELAGEM-AC', 1, 0, 1, 8, 2, ''),
	(692, 'City Lar - F234 - Sao Jose do Rio Claro - MT', 1, 0, 1, 8, 2, ''),
	(693, 'City Lar - F059 - MANAUS - AM', 1, 0, 1, 8, 2, ''),
	(694, 'City Lar - F060 - MANAUS - AM', 1, 0, 1, 8, 2, ''),
	(695, 'City Lar - F061 - MANAUS - AM', 1, 0, 1, 8, 2, ''),
	(696, 'City Lar - F062 - MANAUS - AM', 1, 0, 1, 8, 2, ''),
	(697, 'City Lar - F063 - MANAUS - AM', 1, 0, 1, 8, 2, ''),
	(698, 'City Lar - F064 - ITACOATIARA - AM', 1, 0, 1, 8, 2, ''),
	(699, 'City Lar - F065 - BOA VISTA - RR', 1, 0, 1, 8, 2, ''),
	(700, 'City Lar - F235 - Natal - RN', 1, 0, 1, 8, 2, ''),
	(701, 'City Lar - F066 - BOA VISTA - RR', 1, 0, 1, 8, 2, ''),
	(702, 'City Lar - F067 - MANAUS - AM', 1, 0, 1, 8, 2, ''),
	(703, 'City Lar - F236 - Porto Velho - RO', 1, 0, 1, 8, 2, ''),
	(704, 'City Lar - F069 - MANAUS - AM', 1, 0, 1, 8, 2, ''),
	(705, 'City Lar - F070 - MANAUS - AM', 1, 0, 1, 8, 2, ''),
	(706, 'City Lar - F071 - MANAUS - AM', 1, 0, 1, 8, 2, ''),
	(707, 'City Lar - F072 - MANAUS - AM', 1, 0, 1, 8, 2, ''),
	(708, 'City Lar - F073 - MANAUS - AM', 1, 0, 1, 8, 2, ''),
	(709, 'City Lar - F237 - TERESINA BAIRRO DIRCEU-PI', 1, 0, 1, 8, 2, ''),
	(710, 'City Lar - F074 - BOA VISTA - AM', 1, 0, 1, 8, 2, ''),
	(711, 'City Lar - F238 - Teresina - PI', 1, 0, 1, 8, 2, ''),
	(712, 'City Lar - F075 - MANAUS - AM', 1, 0, 1, 8, 2, ''),
	(713, 'City Lar - F239 - Teresina - PI', 1, 0, 1, 8, 2, ''),
	(714, 'City Lar - F076 - MANAUS - AM', 1, 0, 1, 8, 2, ''),
	(715, 'City Lar - F077 - MANAUS - AM', 1, 0, 1, 8, 2, ''),
	(716, 'City Lar - F078 - MANAUS - AM', 1, 0, 1, 8, 2, ''),
	(717, 'City Lar - F079 - MANAUS - AM', 1, 0, 1, 8, 2, ''),
	(718, 'City Lar - F240 - Teresina - PI', 1, 0, 1, 8, 2, ''),
	(719, 'City Lar - F080 - MANAUS - AM', 1, 0, 1, 8, 2, ''),
	(720, 'City Lar - F081 - MANAUS - AM', 1, 0, 1, 8, 2, ''),
	(721, 'City Lar - F241 - Teresina - PI', 1, 0, 1, 8, 2, ''),
	(722, 'City Lar - F242 - Jauru - MT', 1, 0, 1, 8, 2, ''),
	(723, 'City Lar - F244 - JI- Parana - RO', 1, 0, 1, 8, 2, ''),
	(724, 'City Lar - F245 - Teresina - PI', 1, 0, 1, 8, 2, ''),
	(725, 'City Lar - F246 - Aparecida de Goiania - GO', 1, 0, 1, 8, 2, ''),
	(726, 'City Lar - F249 - Nobres - MT', 1, 0, 1, 8, 2, ''),
	(727, 'City Lar - F250 - Diamantino - MT', 1, 0, 1, 8, 2, ''),
	(728, 'City Lar - F251 - Vera - MT', 1, 0, 1, 8, 2, ''),
	(729, 'City Lar - F082 - PIMENTA BUENO - RO', 1, 0, 1, 8, 2, ''),
	(730, 'City Lar - F083 - PORTO VELHO - RO', 1, 0, 1, 8, 2, ''),
	(731, 'City Lar - F084 - JI-PARANA - RO', 1, 0, 1, 8, 2, ''),
	(732, 'City Lar - F085 - JI-PARANA - RO', 1, 0, 1, 8, 2, ''),
	(733, 'City Lar - F086 - PORTO VELHO - RO', 1, 0, 1, 8, 2, ''),
	(734, 'City Lar - F087 - PORTO VELHO - RO', 1, 0, 1, 8, 2, ''),
	(735, 'City Lar - F088 - OURO PRETO DO OESTE - RO', 1, 0, 1, 8, 2, ''),
	(736, 'City Lar - F252 - TAPURAH-MT', 1, 0, 1, 8, 2, ''),
	(737, 'City Lar - F089 - JI-PARANA - RO', 1, 0, 1, 8, 2, ''),
	(738, 'City Lar - F090 - CACOAL - RO', 1, 0, 1, 8, 2, ''),
	(739, 'City Lar - F091 - ARIQUEMES - RO', 1, 0, 1, 8, 2, ''),
	(740, 'City Lar - F092 - PORTO VELHO - RO', 1, 0, 1, 8, 2, ''),
	(741, 'City Lar - F093 - JARU - RO', 1, 0, 1, 8, 2, ''),
	(742, 'City Lar - F094 - ROLIM DE MOURA - RO', 1, 0, 1, 8, 2, ''),
	(743, 'City Lar - F095 - JI-PARANA - RO', 1, 0, 1, 8, 2, ''),
	(744, 'City Lar - F096 - VILHENA PRIMEIRA LOJA-RO', 1, 0, 1, 8, 2, ''),
	(745, 'City Lar - F097 - PORTO VELHO JK ANTONIO-RO', 1, 0, 1, 8, 2, ''),
	(746, 'City Lar - F101 - GURUPI - TO', 1, 0, 1, 8, 2, ''),
	(747, 'City Lar - F102 - PORTO NACIONAL - TO', 1, 0, 1, 8, 2, ''),
	(748, 'City Lar - F253 - SINOP AV.ITAUBAS-MT', 1, 0, 1, 8, 2, ''),
	(749, 'City Lar - F103 - PALMAS - TO', 1, 0, 1, 8, 2, ''),
	(750, 'City Lar - F254 - Comodoro - MT', 1, 0, 1, 8, 2, ''),
	(751, 'City Lar - F255 - Nova Xavantina - MT', 1, 0, 1, 8, 2, ''),
	(752, 'City Lar - F257 - Mirassol de Oeste - MT', 1, 0, 1, 8, 2, ''),
	(753, 'City Lar - F104 - PARAISO DO TOCANTINS - TO', 1, 0, 1, 8, 2, ''),
	(754, 'City Lar - F105 - ARAGUAINA - TO', 1, 0, 1, 8, 2, ''),
	(755, 'City Lar - F259 - Agua Boa - MT', 1, 0, 1, 8, 2, ''),
	(756, 'City Lar - F106 - ARAGUAINA - TO', 1, 0, 1, 8, 2, ''),
	(757, 'City Lar - F110 - BELEM - PA', 1, 0, 1, 8, 2, ''),
	(758, 'City Lar - F111 - TAILANDIA - PA', 1, 0, 1, 8, 2, ''),
	(759, 'City Lar - F113 - BRAGANCA - PA', 1, 0, 1, 8, 2, ''),
	(760, 'City Lar - F260 - Tangara da Serra - MT', 1, 0, 1, 8, 2, ''),
	(761, 'City Lar - F114 - PARAUAPEBAS - PA', 1, 0, 1, 8, 2, ''),
	(762, 'City Lar - F115 - MARABA - PA', 1, 0, 1, 8, 2, ''),
	(763, 'City Lar - F261 - Rio Brnco - AC', 1, 0, 1, 8, 2, ''),
	(764, 'City Lar - F262 - RIO BRANCO TRIANGULO - AC', 1, 0, 1, 8, 2, ''),
	(765, 'City Lar - F263 - Rio Brnco - AC', 1, 0, 1, 8, 2, ''),
	(766, 'City Lar - F116 - MARABA - PA', 1, 0, 1, 8, 2, ''),
	(767, 'City Lar - F117 - MARITUBA - PA', 1, 0, 1, 8, 2, ''),
	(768, 'City Lar - F118 - SANTANA DO ARAGUAIA - PA', 1, 0, 1, 8, 2, ''),
	(769, 'City Lar - F266 - SHOPING GOIABEIRAS(PRIME)', 1, 0, 1, 8, 2, ''),
	(770, 'City Lar - F119 - REDENCAO - PA', 1, 0, 1, 8, 2, ''),
	(771, 'City Lar -  F122 - PRESIDENTE MEDICI - RO', 1, 0, 1, 8, 2, ''),
	(772, 'City Lar - F242 - Guaranta do Norte - MT', 0, 0, 1, 8, 2, ''),
	(773, 'City Lar - F123 - MANAUS - AM', 1, 0, 1, 8, 2, ''),
	(774, 'City Lar - F125 - PORTO VELHO - RO', 1, 0, 1, 8, 2, ''),
	(775, 'City Lar - F271 - Manaus - AM', 1, 0, 1, 8, 2, ''),
	(776, 'City Lar - F272 - Manaus - AM', 1, 0, 1, 8, 2, ''),
	(777, 'City Lar - F273 - Manaus - AM', 1, 0, 1, 8, 2, ''),
	(778, 'City Lar - F274 - Manaus - AM', 1, 0, 1, 8, 2, ''),
	(779, 'City Lar - F275 - Manaus - AM', 1, 0, 1, 8, 2, ''),
	(780, 'City Lar - F156 - ARAGUAINA - TO', 1, 0, 1, 8, 2, ''),
	(781, 'City Lar - F276 - Manaus - AM', 1, 0, 1, 8, 2, ''),
	(782, 'City Lar - F158 - RIO BRANCO - AC', 1, 0, 1, 8, 2, ''),
	(783, 'City Lar - F159 - CONCEICAO DO ARAGUAIA - PA', 1, 0, 1, 8, 2, ''),
	(784, 'City Lar - F160 - RIO MARIA - PA', 1, 0, 1, 8, 2, ''),
	(785, 'City Lar - F161 - XINGUARA - PA', 1, 0, 1, 8, 2, ''),
	(786, 'City Lar - F163 - RIO BRANCO - AC', 1, 0, 1, 8, 2, ''),
	(787, 'City Lar - F164 - ANANINDEUA - PA', 1, 0, 1, 8, 2, ''),
	(788, 'City Lar - F165 - BELEM - PA', 1, 0, 1, 8, 2, ''),
	(789, 'City Lar - F166 - PARAGOMINAS - PA', 1, 0, 1, 8, 2, ''),
	(790, 'City Lar - F167 - BELEM - PA', 1, 0, 1, 8, 2, ''),
	(791, 'City Lar - F168 - ANANINDEUA - PA', 1, 0, 1, 8, 2, ''),
	(792, 'City Lar - F170 - MANAUS - AM', 1, 0, 1, 8, 2, ''),
	(793, 'City Lar - F171 - RORAINOPOLIS - RR', 1, 0, 1, 8, 2, ''),
	(794, 'City Lar - F172 - BOA VISTA - RR', 1, 0, 1, 8, 2, ''),
	(795, 'City Lar - F277 - Manaus - AM', 1, 0, 1, 8, 2, ''),
	(796, 'City Lar - F154 - RIO BRANCO - AC', 1, 0, 1, 8, 2, ''),
	(797, 'City Lar - F153 - CASTANHAL - PA', 1, 0, 1, 8, 2, ''),
	(798, 'City Lar - F152 - BELEM - PA', 1, 0, 1, 8, 2, ''),
	(799, 'City Lar - F151 - RIO BRANCO - AC', 1, 0, 1, 8, 2, ''),
	(800, 'City Lar - F150 - MARITUBA - PA', 1, 0, 1, 8, 2, ''),
	(801, 'City Lar - F149 - PALMAS - TO', 1, 0, 1, 8, 2, ''),
	(802, 'City Lar - F148 - BELEM - PA', 1, 0, 1, 8, 2, ''),
	(803, 'City Lar - F147 - BELEM - PA', 1, 0, 1, 8, 2, ''),
	(804, 'City Lar - F146 - BELEM - PA', 1, 0, 1, 8, 2, ''),
	(805, 'City Lar - F126 - ARAGUAINA - TO', 1, 0, 1, 8, 2, ''),
	(806, 'City Lar - F128 - RIO BRANCO - AC', 1, 0, 1, 8, 2, ''),
	(807, 'City Lar - F278 - Manaus - AM', 1, 0, 1, 8, 2, ''),
	(808, 'City Lar - F129 - REDENCAO - PA', 1, 0, 1, 8, 2, ''),
	(809, 'City Lar - F130 - BELEM - PA', 1, 0, 1, 8, 2, ''),
	(810, 'City Lar - F279 - Manaus - AM', 1, 0, 1, 8, 2, ''),
	(811, 'City Lar - F131 - MARITUBA - PA', 1, 0, 1, 8, 2, ''),
	(812, 'City Lar - F134 - BELEM - PA', 1, 0, 1, 8, 2, ''),
	(813, 'City Lar - F135 - BELEM - PA', 1, 0, 1, 8, 2, ''),
	(814, 'City Lar - F136 - BELEM - PA', 1, 0, 1, 8, 2, ''),
	(815, 'City Lar - F137 - BELEM - PA', 1, 0, 1, 8, 2, ''),
	(816, 'City Lar - F138 - ANANINDEUA - PA', 1, 0, 1, 8, 2, ''),
	(817, 'City Lar - F139 - BELEM - PA', 1, 0, 1, 8, 2, ''),
	(818, 'City Lar - F140 - BOA VISTA - RR', 1, 0, 1, 8, 2, ''),
	(819, 'City Lar - F141 - MARABA - PA', 1, 0, 1, 8, 2, ''),
	(820, 'City Lar - F142 - MARABA - PA', 1, 0, 1, 8, 2, ''),
	(821, 'City Lar - F143 - BARRA DO GARCAS - MT', 1, 0, 1, 8, 2, ''),
	(822, 'City Lar - F144 - CACERES GRANDE-MT', 1, 0, 1, 8, 2, ''),
	(823, 'City Lar - F281 - TANGARA DA SERRA SEGUNDA LO', 1, 0, 1, 8, 2, ''),
	(824, 'City Lar - F282 - RONDOPOLIS MARISA-MT', 1, 0, 1, 8, 2, ''),
	(825, 'City Lar - F283 - RONDONOPOLIS PC-MT', 1, 0, 1, 8, 2, ''),
	(826, 'City Lar - F282 - Tangara da Serra - MT', 0, 0, 1, 8, 2, ''),
	(827, 'City Lar - F288 - Rondonopolis - MT', 1, 0, 1, 8, 2, ''),
	(828, 'City Lar - F289 - Nova Andradina - MS', 1, 0, 1, 8, 2, ''),
	(829, 'City Lar - F290 - Rio Brilhante - MS', 1, 0, 1, 8, 2, ''),
	(830, 'City Lar - F291 - Amambai - MS', 1, 0, 1, 8, 2, ''),
	(831, 'City Lar - F295 - JI- Parana - RO', 1, 0, 1, 8, 2, ''),
	(832, 'City Lar - F296 - Cacoal - RO', 1, 0, 1, 8, 2, ''),
	(833, 'City Lar - F300 - Cuiaba - MT', 1, 0, 1, 8, 2, ''),
	(834, 'City Lar - F301 - CAMPO GRANDE 14 GABRIELA-MS', 1, 0, 1, 8, 2, ''),
	(835, 'City Lar - F302 - CAMPO GRANDE JULIO DE CASTI', 1, 0, 1, 8, 2, ''),
	(836, 'City Lar - F303 - Campo Grande - MS', 1, 0, 1, 8, 2, ''),
	(837, 'City Lar - F304 - CORUMBA SEGUNDA - MS', 1, 0, 1, 8, 2, ''),
	(838, 'City Lar - F311 - Paranatinga - MT', 1, 0, 1, 8, 2, ''),
	(839, 'City Lar - F312 - Sinop - MT', 1, 0, 1, 8, 2, ''),
	(840, 'City Lar - F331 - Boa Vista  - RR', 1, 0, 1, 8, 2, ''),
	(841, 'City Lar - F336 - Manaus - AM', 1, 0, 1, 8, 2, ''),
	(842, 'City Lar - F337 - Manaus - AM', 1, 0, 1, 8, 2, ''),
	(843, 'City Lar - F346 - Cuiaba - MT', 1, 0, 1, 8, 2, ''),
	(844, 'City Lar - F399 - Cuiaba - MT', 1, 0, 1, 8, 2, ''),
	(845, 'City Lar - F400 - Cuiaba - MT', 1, 0, 1, 8, 2, ''),
	(846, 'City Lar - F401 - Sao Luis - MA', 1, 0, 1, 8, 2, ''),
	(847, 'City Lar - F402 - Sao Luis - MA', 1, 0, 1, 8, 2, ''),
	(848, 'City Lar - F403 - SÃO LUIZ BEQUIMÃO-MA', 1, 0, 1, 8, 2, ''),
	(849, 'City Lar - F404 - Sao Luis - MA', 1, 0, 1, 8, 2, ''),
	(850, 'City Lar - F405 - Sao Luis - MA', 1, 0, 1, 8, 2, ''),
	(851, 'City Lar - F406 - Sao Luis - MA', 1, 0, 1, 8, 2, ''),
	(852, 'City Lar - F407 - Sao Luis - MA', 1, 0, 1, 8, 2, ''),
	(853, 'City Lar - F408 - Sao Luis - MA', 1, 0, 1, 8, 2, ''),
	(854, 'City Lar - F412 - Sao Luis - MA', 1, 0, 1, 8, 2, ''),
	(855, 'City Lar - F413 - Sao Luis - MA', 1, 0, 1, 8, 2, ''),
	(856, 'City Lar - F409 - Imperatriz - MA', 1, 0, 1, 8, 2, ''),
	(857, 'City Lar - F410 - Imperatriz - MA', 1, 0, 1, 8, 2, ''),
	(858, 'City Lar - F411 - Imperatriz - MA', 1, 0, 1, 8, 2, ''),
	(859, 'City Lar - F414 - Sao Jose de Ribamar - MA', 1, 0, 1, 8, 2, ''),
	(860, 'City Lar - F415 - Sao Jose de Ribamar - MA', 1, 0, 1, 8, 2, ''),
	(861, 'City Lar - F416 - SÃƒO LUIZ COHATRAQ-MA', 1, 0, 1, 8, 2, ''),
	(862, 'City Lar - F417 - Imperatriz - MA', 1, 0, 1, 8, 2, ''),
	(863, 'City Lar - F418 - Imperatriz - MA', 1, 0, 1, 8, 2, ''),
	(864, 'City Lar - F419 - Imperatriz - MA', 1, 0, 1, 8, 2, ''),
	(865, 'City Lar - F420 - Sao Luis - MA', 1, 0, 1, 8, 2, ''),
	(866, 'City Lar - F421 - Sao Luis - MA', 1, 0, 1, 8, 2, ''),
	(867, 'City Lar - F422 - Acailandia - MA', 1, 0, 1, 8, 2, ''),
	(868, 'City Lar - F423 - SÃƒO LUIZ CIDADE OPERARIA-M', 1, 0, 1, 8, 2, ''),
	(869, 'City Lar - F424 - Sao Luis - MA', 1, 0, 1, 8, 2, ''),
	(870, 'City Lar - F425 - SÃƒO LUIZ RUA GRANDE AMERIC', 1, 0, 1, 8, 2, ''),
	(871, 'City Lar - F426 - Aparecida de Goiania - GO', 1, 0, 1, 8, 2, ''),
	(872, 'City Lar - F427 - Sao Luis - MA', 1, 0, 1, 8, 2, ''),
	(873, 'City Lar - F428 - Sao Luis - MA', 1, 0, 1, 8, 2, ''),
	(874, 'City Lar - F429 - Imperatriz - MA', 1, 0, 1, 8, 2, ''),
	(875, 'City Lar - F430 - SÃƒO LUIZ RUA GRANDE BARROS', 1, 0, 1, 8, 2, ''),
	(876, 'City Lar - F431 - Sao Luis - MA', 1, 0, 1, 8, 2, ''),
	(877, 'City Lar - F433 - Sao Luis - MA', 1, 0, 1, 8, 2, ''),
	(878, 'City Lar - F434 - Sao Luis - MA', 1, 0, 1, 8, 2, ''),
	(879, 'City Lar - F440 - Sao Luis - MA', 1, 0, 1, 8, 2, ''),
	(880, 'City Lar - F500 - Cuiaba - MT', 1, 0, 1, 8, 2, ''),
	(881, 'City Lar - F502 - Cuiaba - MT', 1, 0, 1, 8, 2, ''),
	(882, 'City Lar - F503 - Cuiaba - MT', 1, 0, 1, 8, 2, ''),
	(883, 'City Lar - F504 - Cuiaba - MT', 1, 0, 1, 8, 2, ''),
	(884, 'City Lar - F505 - Cuiaba - MT', 1, 0, 1, 8, 2, ''),
	(885, 'City Lar - F506 - Cuiaba - MT', 1, 0, 1, 8, 2, ''),
	(886, 'City Lar - F507 - Cuiaba - MT', 1, 0, 1, 8, 2, ''),
	(887, 'City Lar - F510 - Cuiaba - MT', 1, 0, 1, 8, 2, ''),
	(888, 'City Lar - F511 - Cuiaba - MT', 1, 0, 1, 8, 2, ''),
	(889, 'City Lar - F600 - Cuiaba - MT', 1, 0, 1, 8, 2, ''),
	(890, 'City Lar - F601 - JI- Paraba - RO', 1, 0, 1, 8, 2, ''),
	(891, 'City Lar - F602 - Porto velho - RO', 1, 0, 1, 8, 2, ''),
	(892, 'City Lar - F603 - Rio Branco - AC', 1, 0, 1, 8, 2, ''),
	(893, 'City Lar - F604 - Marituba - PA', 1, 0, 1, 8, 2, ''),
	(894, 'City Lar - F605 - Campo Grande - MS', 1, 0, 1, 8, 2, ''),
	(895, 'City Lar - F606 - Teresina - PI', 1, 0, 1, 8, 2, ''),
	(896, 'City Lar - F607 - Manaus - AM', 1, 0, 1, 8, 2, ''),
	(897, 'City Lar - F608 - Boa Vista - RR', 1, 0, 1, 8, 2, ''),
	(898, 'City Lar - F609 - Sao Luis - MA', 1, 0, 1, 8, 2, ''),
	(899, 'City Lar - F610 - Imperatriz - MA', 1, 0, 1, 8, 2, ''),
	(900, 'City Lar - F710 - Manaus - AM', 1, 0, 1, 8, 2, ''),
	(901, 'City Lar - F711 - Cuiaba - MT', 1, 0, 1, 8, 2, ''),
	(902, 'City Lar - F712 - Cuiaba - MT', 1, 0, 1, 8, 2, ''),
	(903, 'City Lar - F036 - TANGARA DA SERRA  PRIMEIRA', 1, 0, 1, 8, 2, ''),
	(904, 'City Lar - F112 - TUCURUI - PA', 1, 0, 1, 8, 2, ''),
	(905, 'City Lar - F120 - ARAGUAINA - TO', 1, 0, 1, 8, 2, ''),
	(906, 'City Lar - F267 - GUARANTA DO NORTE - MT', 1, 0, 1, 8, 2, ''),
	(907, 'City Lar-  F122 - PRESIDENTE - RO', 1, 0, 1, 8, 2, ''),
	(908, 'City Lar - F047 - SORRISO - MT', 1, 0, 1, 8, 2, ''),
	(909, 'Vendedor Regional', 1, 0, 1, 7, 5, ''),
	(910, 'Peixe Urbano', 1, 1, 0, 1, 1, ''),
	(911, 'Multiplicadores', 1, 0, 0, 7, 5, ''),
	(912, 'REVE-SP', 1, 0, 0, 1, 3, ''),
	(913, 'Insinuante - F010 - Lauro de Freitas', 1, 0, 1, 2, 6, ''),
	(914, 'Televendas REVE', 1, 0, 1, 1, 5, ''),
	(915, 'Ricardo Eletro - F303 - Shopping Salvador II', 1, 0, 1, 7, 5, 'refil303@maquinadevendas.com.br'),
	(916, 'UberlÃ¢ndia GE pós', 1, 0, 1, 1, 5, '');

INSERT INTO `OperadorB2C` (`OperadorB2CId`, `Nome`, `Email`, `Senha`, `CPF`, `GrupoB2CId`, `Status`, `Matricula`, `Chapa`, `Tipo`, `Sistema`, `InicioExpediente`, `FimExpediente`) VALUES
	(1, 'Igor', 'igorsop@gmail.com', 'b50d46aa7951de2bae2281ae30a05034', '05612622686', 1, 1, 9328, 0, 0, 1, '00:00:00', '23:59:00'),
	(2, 'Adriana Pimenta', 'adriana.pimenta@ricardoeletro.com', '74c94d56e903fbb9f9dde79b8aca89c8', '24985850870', 1, 0, 111111111, 0, 0, 1, '00:00:00', '23:59:00'),
	(3, '', 'frederico.ass@maquinadevendas.com.br', '4692d31a3d7b784b2f5964e1c7cd248e', '01224715632', 374, 0, 19134, 0, 0, 1, '08:00:00', '23:00:00'),
	(4, 'JEANN RAFAEL PEREIRA REIS', 'jeann.reis@ricardoeletro.com', 'eb4da621718f1c65ffe637897b954616', '09451465669', 3, 1, 20538, 0, 0, 1, '00:00:00', '23:45:00'),
	(5, 'Gisele Alves Coleta', 'gisele.coleta@maquinadevendas.com.br', 'cd0fc5fb0e9ee293be58fcabba2d985a', '07378968684', 914, 1, 19293, 0, 0, 1, '00:00:00', '23:00:00'),
	(6, 'Marcelo', 'marcelo@ricardoeletro.com', 'bd955145bc8763cb952729e7e0887a39', '01360053654', 1, 1, 987456, 13465, 0, 1, '00:00:00', '23:59:00'),
	(7, 'Leonardo Araujo', 'leonardo.araujo@ricardoeletro.com', 'd02a796d39d0f3969f5d2a3e92f07596', '05892905683', 1, 0, 1111111, 0, 1, 1, '00:00:00', '23:45:00'),
	(8, 'Danielle Guedes Reis Moreira', 'danielle.moreira@ricardoeletro.com', '6013c93cb30105e5877ccaff301780a5', '07318869680', 3, 0, 18648, 13535, 0, 1, '00:00:00', '23:59:59'),
	(9, 'Cristina', 'cristina.fernandes@ricardoeletro.com', 'b50d46aa7951de2bae2281ae30a05034', '03000272658', 1, 0, 999999, 0, 0, 1, '00:00:00', '23:59:00');

INSERT INTO `Produto` (`ProdutoId`, `FabricanteId`, `Codigo`, `Nome`, `Descricao`, `Tipo`, `Visualizacao`, `PrecoCusto`, `DataCadastroUniconsult`, `DataImportacao`, `DataCadastro`, `DataDisponivel`, `DataLancamento`, `ParcelamentoSemJuros`, `NomeUniconsult`, `VendeAvulso`, `Vale`, `Unidade`, `Brinde`, `PrazoCrossDocking`, `TipoTransporte`, `OkFiscal`, `PrazoGarantia`, `ModeloFabricante`, `TipoABC`, `Situacao`, `UsuarioId`, `Iframe`, `AlturaIframe`, `EmLinha`) VALUES
  (4221, 215, '25', 'Espelho Duplo Compacto - Basicare', 'Espelho Duplo Compacto Basicare é um espelho regular que oferece imagem total.<br>Este espelho compacto duplo tem uma imagem plana e outra com ampliação de 2 vezes.<br>É ideal para qualquer bolsa ou sacola de viagem.<br>O espelho é feito de plástico durável e é muito fácil de limpar.<br>', 1, '', 0, '2009-08-21 00:00:00', null, '2009-09-21 09:38:22', now(), null, 0, 'ESPELHO DUPLO COMPACTO 1088 BASICARE', 1, '', 'PC', 'N', 0, 1, 'S', 0, '1088', 'C', 'A', 666, '', 0, 1),
	(11774, 407, '8019', 'LON - Smartphone Desbloqueado Nokia E63 Azul - CÃ¢mera 2.0, 3G,Wi-Fi, Rádio FM,MP3 Player - Nokia', 'Com o Nokia E63 cada instante será uma oportunidade. Com ele é possível configurar facilmente contas de e-mails pessoais e profissionais, manter-se conectado Ã  internet via 3G e Wi-Fi, fazer fotos e vídeos com a cÃ¢mera 2.0 MP, ouvir suas músicas e rádios preferidas e fazer uma teleconferÃªncia. Além disso, ele conta com Nokia Maps, bluetooth 2.0, viva-voz e entrada para cartão de memória! <br><br>Compatibilidade: Celular Desbloqueado. Necessário o chip SIMCard (não incluso) para habilitação.<br>Este aparelho já está pré-configurado para habilitação em qualquer operadora GSM nacional (Tim, Claro, Oi,Vivo).<br><br>', 1, '', 0, '2009-09-16 00:00:00', '0000-00-00 00:00:00', '2009-09-25 14:32:23', '0000-00-00 00:00:00', '0000-00-00 00:00:00', 0, 'LON - Celular Nokia E63 - Azul', 1, '', 'PC', 'N', 0, 1, 'S', 12, 'E63 Azul', 'C', 'A', 641, '', 0, 1),
	(16902, 353, '13377', 'Celular Desbloqueado LG KP570 Cookie Rosa - Touchscreen,CÃ¢mera 3.0MP, Cartão de 1GB, MP3 Player - LG', 'Display Touchscreen de&nbsp; 3 ", Sensor de movimento e acelerÃ´metro: A melhor experiÃªncia de navegação, Jogos e Vídeos. Reconhecimento de escrita e edição de fotos. CÃ¢mera de 3MP com Zoom 4 x, Captura de vídeos,&nbsp; Interface 3D Customizável, Cartão de 1G incluso, Expansível até 8 GB, Bluetooth&nbsp; Estéreo.<br><br><br>Compatibilidade com Operadoras:<br>Celular Desbloqueado. Necessário o chip SIMCard (não incluso) para habilitação.<br>Este aparelho já está pré-configurado para habilitação em qualquer operadora GSM nacional (Tim, Claro, Oi , Vivo GSM, e outras), e pode ser habilitado como PRE ou PÃ“S Pago.<br><br><br>', 1, '', 0, '2009-10-14 00:00:00', '0000-00-00 00:00:00', '2009-10-21 15:53:39', '0000-00-00 00:00:00', '0000-00-00 00:00:00', 0, 'Celular LG KP570 Cookie Rosa - LG', 1, '', 'PC', 'N', 0, 1, 'S', 12, 'KP570 Cookie', 'C', 'C', 390, '', 0, 1),
	(30441, 380, '24551', 'Condensadora  22.000 BTUS MSS 22HR QF  -Midea', '<br>', 1, '', 0, '2010-06-22 00:00:00', '2010-06-22 09:41:07', '2010-06-25 17:24:30', '0000-00-00 00:00:00', '0000-00-00 00:00:00', 0, 'CONDENSADORA  22.000 BTUS MSS 22HR QF FL', 0, '', 'PC', 'N', 0, 2, 'S', 24, '840221022', 'C', 'A', 96, '', 0, 0),
	(30451, 380, '24561', 'Evaporadora 22.000 BTUS MSS 22HR QF - Midea', '<div>Controle remoto com display em cristal Liquido: Maior comodidade para operar o ar-condicionado, escolhendo as funçÃµes no próprio controle. Luz que permite o ajuste do aparelho no escuro.</div><div>Permite apagar o display da unidade interna, propiciando maior conforte durante a noite.</div><div>Sistema especial com quatro filtragens: *Filtro de nylon filtra o ar retirando a poeira e os outras partículas maiores.&nbsp;</div><div>Bio Filtro:captura partículas de pó e as bactérias no ar, &nbsp;a enzima biológica destrói essas bactérias deixando o ar mais puro e o ambiente mais saudável. &nbsp; &nbsp; &nbsp; &nbsp; &nbsp; &nbsp; &nbsp; &nbsp; &nbsp; &nbsp; &nbsp; &nbsp; &nbsp; &nbsp; &nbsp; &nbsp; &nbsp; &nbsp; &nbsp; &nbsp; &nbsp; &nbsp; &nbsp; &nbsp; &nbsp; &nbsp; &nbsp; &nbsp; &nbsp; &nbsp; &nbsp; &nbsp; &nbsp; &nbsp; &nbsp; &nbsp; &nbsp; &nbsp; &nbsp; &nbsp; &nbsp; &nbsp; &nbsp; &nbsp; &nbsp; &nbsp; &nbsp; &nbsp; &nbsp; &nbsp; &nbsp; Função Swing-movimento automático das aletas horizontais que promove a sanção de uma brisa natural.</div><div>Timer digital 24 horas: Liga e desliga o aparelho automaticamente no tempo programado, de acordo com as suas necessidades, propiciando maior conforto, sem desperdícios de energia.</div><div>Silencioso: Garante maior conforto sonoro.</div><div>Função Dormir- ajusta a temperatura de acordo com a variação da temperatura do corpo humano durante o sono.</div><div>Design exclusivo.</div><div>Proteção contra corrosão no gabinete e chassi.</div><div>Unidade externa compacta.</div><div>4 velocidades de operação: Resfria, ventila, aquece e desumidifica.Maior conforto térmico nas diferentes estaçÃµes do ano.</div><div>Diagnostico automático: avisa quando ha alguma irregularidade no produto.</div><div>Programa Preferido (Modo AUTO): Programação de temperatura preferida pelo consumidor, através do qual o condicionador de ar ajusta o ciclo e a velocidade de ventilação dependendo da temperatura programada, trazendo conforto e praticidade no uso do condicionador de ar.</div>', 1, '', 0, '2010-06-22 00:00:00', '2010-06-22 09:41:07', '2010-06-28 10:50:20', '2014-06-04 04:00:57', '0000-00-00 00:00:00', 0, 'EVAPORADORA 22.000 BTUS MSS 22HR QF FL', 0, '', 'PC', 'N', 0, 2, 'S', 24, '840121022', 'C', 'A', 96, '', 0, 1),
	(37499, 977, '30714', 'Cadeira Automotiva', '<span style="font-size: 10pt; font-family: Symbol; color: black;"><span style=""><span style="font: 7pt &quot;Times New Roman&quot;;"> </span></span></span><span style="font-size: 8.5pt; font-family: &quot;Trebuchet MS&quot;,&quot;sans-serif&quot;; color: black; font-weight: bold;">Cadeira para Auto OXIBABY para GRUPO 1 Crianças de 9 até 18 kg - &nbsp;<br>APRESENTAÃ‡ÃƒO DO PRODUTO: &nbsp;</span><span style="font-size: 10pt; font-family: Symbol; color: black;"><span style=""><br>- <span style="font: 7pt &quot;Times New Roman&quot;;"></span></span></span><span style="font-size: 8.5pt; font-family: &quot;Trebuchet MS&quot;,&quot;sans-serif&quot;; color: black;">A cadeira deve ser instalada somente no banco de trás do automóvel\n                    e a criança deve sempre estar presa pelo cinto da cadeira e esta pelo cinto do\n                    automóvel . Essa cadeira possui cintos de segurança de 05 pontos com\n                    protetores, fivela única e ajuste centralizado, 02 estágios de altura, além de\n                    ser reclinável em 02 posiçÃµes e&nbsp; apoio para a cabeça acolchoado e\n                    removível.&nbsp;</span><span style="font-size: 10pt; font-family: Symbol; color: black;"><span style=""><br>-&nbsp;<span style="font: 7pt &quot;Times New Roman&quot;;"> </span></span></span><span style="font-size: 8.5pt; font-family: &quot;Trebuchet MS&quot;,&quot;sans-serif&quot;; color: black;">Apropriado se o veiculo estiver equipado com cinto de segurança de\n                    trÃªs pontos/ estático / com retrator&nbsp;</span><span style="font-size: 10pt; font-family: Symbol; color: black;"><span style=""><br>- </span></span><span style="font-size: 8.5pt; font-family: &quot;Trebuchet MS&quot;,&quot;sans-serif&quot;; color: black;">Nunca deixe a criança sozinha no veiculo&nbsp;</span><span style="font-size: 10pt; font-family: Symbol; color: black;"><span style=""><br>- </span></span><span style="font-size: 8.5pt; font-family: &quot;Trebuchet MS&quot;,&quot;sans-serif&quot;; color: black;">Nunca deixe bagagem ou outros objetos passíveis de causar\n                    ferimentos próximos a criança&nbsp;</span><span style="font-size: 10pt; font-family: Symbol; color: black;"><span style=""><br>- </span></span><span style="font-size: 8.5pt; font-family: &quot;Trebuchet MS&quot;,&quot;sans-serif&quot;; color: black;">Depois de uma colisão, independente do grau de impacto, as\n                    cadeirinhas devem ser trocadas. Isto vale inclusive para situaçÃµes em que,\n                    aparentemente, não houve dano ao dispositivo. &nbsp;</span><span style="font-size: 10pt; font-family: Symbol; color: black;"><span style=""><br>- </span></span><span style="font-size: 8.5pt; font-family: &quot;Trebuchet MS&quot;,&quot;sans-serif&quot;; color: black;">Estrutura :plástico revestido em espuma e tecido&nbsp;</span><span style="font-size: 10pt; font-family: Symbol; color: black;"><span style=""><br>- </span></span><span style="font-size: 8.5pt; font-family: &quot;Trebuchet MS&quot;,&quot;sans-serif&quot;; color: black;">Tecido: dublado em Itapema/goufre&nbsp;</span><span style="font-size: 10pt; font-family: Symbol; color: black;"><span style=""><br>- </span></span><span style="font-size: 8.5pt; font-family: &quot;Trebuchet MS&quot;,&quot;sans-serif&quot;; color: black;">Cinto de segurança: regulável, com protetores, fivela única e\n                    ajuste centralizado.&nbsp;</span><span style="font-size: 10pt; font-family: Symbol; color: black;"><span style=""><br>- </span></span><span style="font-size: 8.5pt; font-family: &quot;Trebuchet MS&quot;,&quot;sans-serif&quot;; color: black;">Pontos do cinto: 05 pontos.&nbsp;</span><span style="font-size: 10pt; font-family: Symbol; color: black;"><span style=""><br>- </span></span><span style="font-size: 8.5pt; font-family: &quot;Trebuchet MS&quot;,&quot;sans-serif&quot;; color: black;">Protetores: protetores acolchoados e removíveis, tanto na cabeça,\n                    quanto nas alças superiores do cinto de segurança.&nbsp;</span><span style="font-size: 10pt; font-family: Symbol; color: black;"><span style=""><br>-<span style="font: 7pt &quot;Times New Roman&quot;;"> </span></span></span><span style="font-size: 8.5pt; font-family: &quot;Trebuchet MS&quot;,&quot;sans-serif&quot;; color: black;">Base: polipropileno revestido de tecido acolchoado.&nbsp;</span><span style="font-size: 10pt; font-family: Symbol; color: black;"><span style=""><br>- </span></span><span style="font-size: 8.5pt; font-family: &quot;Trebuchet MS&quot;,&quot;sans-serif&quot;; color: black;">Braços laterais&nbsp;</span><span style="font-size: 10pt; font-family: Symbol; color: black;"><span style=""><br>-<span style="font: 7pt &quot;Times New Roman&quot;;"> </span></span></span><span style="font-size: 8.5pt; font-family: &quot;Trebuchet MS&quot;,&quot;sans-serif&quot;; color: black;">Reclinável: 02 posiçÃµes.&nbsp;</span><span style="font-size: 10pt; font-family: Symbol; color: black;"><span style=""><br>- </span></span><span style="font-size: 8.5pt; font-family: &quot;Trebuchet MS&quot;,&quot;sans-serif&quot;; color: black;">Lavável&nbsp;</span><span style="font-size: 10pt; font-family: Symbol; color: black;"><span style=""><br>- </span></span><span style="font-size: 8.5pt; font-family: &quot;Trebuchet MS&quot;,&quot;sans-serif&quot;; color: black;">Aprovado pelo INMETRO&nbsp;</span><span style="font-size: 10pt; font-family: Symbol; color: black;"><span style=""><br><br><span style="font-weight: bold;">&nbsp;</span></span></span><span style="font-size: 8.5pt; font-family: &quot;Trebuchet MS&quot;,&quot;sans-serif&quot;; color: black; font-weight: bold;">CONTEÃšDO DA EMBALAGEM:&nbsp;</span><span style="font-size: 8.5pt; font-family: &quot;Trebuchet MS&quot;,&quot;sans-serif&quot;; color: black;"><br>- 01 Cadeira para auto;&nbsp;</span><span style="font-size: 8.5pt; font-family: &quot;Trebuchet MS&quot;,&quot;sans-serif&quot;; color: black;"><br>- 01 Clip de travamento de cinto;&nbsp;</span><span style="font-size: 8.5pt; font-family: &quot;Trebuchet MS&quot;,&quot;sans-serif&quot;; color: black;"><br>- Manual de instruçÃµes.&nbsp;</span><span style="font-size: 10pt; font-family: Symbol; color: black;"><span style=""><br></span></span><span style="font-size: 8.5pt; font-family: &quot;Trebuchet MS&quot;,&quot;sans-serif&quot;; color: black;">&nbsp;</span>', 1, '', 0, '2010-08-31 00:00:00', '2010-08-31 15:16:39', '2010-09-01 11:26:22', '0000-00-00 00:00:00', '0000-00-00 00:00:00', 0, 'BebÃªs Cadeira Automotiva Oxybaby Verme/Azul- Styll', 1, NULL, 'PC', 'N', NULL, 1, 'S', 4, 'OXYBABY', 'C', 'A', 143, '', 0, 1),
	(39056, 407, 'C39056', 'Receptor TV SU33WB', '', 2, '', 0, '0000-00-00 00:00:00', '0000-00-00 00:00:00', '2010-09-14 14:39:03', '0000-00-00 00:00:00', '0000-00-00 00:00:00', 0, '', 1, '', '', '', 0, 0, '', 0, '', '', '', 11, '', 0, 1),
	(39574, 407, 'C39574', 'Nokia 2220 Slide', '', 2, '', 0, '0000-00-00 00:00:00', '0000-00-00 00:00:00', '2010-09-14 14:39:03', '0000-00-00 00:00:00', '0000-00-00 00:00:00', 0, '', 1, '', '', '', 0, 0, '', 0, '', '', '', 145, '', 0, 1),
	(40461, 380, 'C40461', 'Ar Condicionado Split 22.000 Btus Quente e Frio MSS 22HR Estilo - Midea', 'Controle remoto com display em cristal Liquido: Maior comodidade para operar o ar-condicionado, escolhendo as funçÃµes no próprio controle. Luz que permite o ajuste do aparelho no escuro.Permite apagar o display da unidade interna, propiciando maior conforte durante a noite.Sistema especial com quatro filtragens: *Filtro de nylon filtra o ar retirando a poeira e os outras partículas maiores.Â Bio Filtro:captura partículas de pó e as bactérias no ar, Â a enzima biológica destrói essas bactérias deixando o ar mais puro e o ambiente mais saudável. Â  Â  Â  Â  Â  Â  Â  Â  Â  Â  Â  Â  Â  Â  Â  Â  Â  Â  Â  Â  Â  Â  Â  Â  Â Â  Função Swing-movimento automático das aletas horizontais que promove a sanção de uma brisa natural.Timer digital 24 horas: Liga e desliga o aparelho automaticamente no tempo programado, de acordo com as suas necessidades, propiciando maior conforto, sem desperdícios de energia.Silencioso: Garante maior conforto sonoro.Função Dormir- ajusta a temperatura de acordo com a variação da temperatura do corpo humano durante o sono.Design exclusivo.Proteção contra corrosão no gabinete e chassi.Unidade externa compacta.4 velocidades de operação: Resfria, ventila, aquece e desumidifica.Maior conforto térmico nas diferentes estaçÃµes do ano.Diagnostico automático: avisa quando ha alguma irregularidade no produto.Programa Preferido (Modo AUTO): Programação de temperatura preferida pelo consumidor, através do qual o condicionador de ar ajusta o ciclo e a velocidade de ventilação dependendo da temperatura programada, trazendo conforto e praticidade no uso do condicionador de ar.<br>', 2, '', 0, '0000-00-00 00:00:00', '0000-00-00 00:00:00', '2010-09-20 15:24:57', '0000-00-00 00:00:00', '0000-00-00 00:00:00', 0, '', 1, '', '', '', 0, 0, '', 12, '', '', '', 641, '', 0, 1),
	(40468, 697, 'C40468', 'Celular Desbloqueado LG KP570 Cookie Rosa - Touchscreen,CÃ¢mera 3.0MP, Cartão de 1GB, MP3 Player - LG', '<span style="font-weight: bold;">Celular Desbloqueado LG KP570 Cookie Rosa - Touchscreen,CÃ¢mera 3.0MP, Cartão de 1GB, MP3 Player - LG</span><br>Display Touchscreen de&nbsp; 3 ", Sensor de movimento e acelerÃ´metro: A melhor experiÃªncia de navegação, Jogos e Vídeos. Reconhecimento de escrita e edição de fotos. CÃ¢mera de 3MP com Zoom 4 x, Captura de vídeos,&nbsp; Interface 3D Customizável, Cartão de 1G incluso, Expansível até 8 GB, Bluetooth&nbsp; Estéreo.<br><br><br>Compatibilidade com Operadoras:<br>Celular Desbloqueado. Necessário o chip SIMCard (não incluso) para habilitação.<br>Este aparelho já está pré-configurado para habilitação em qualquer operadora GSM nacional (Tim, Claro, Oi , Vivo GSM, e outras), e pode ser habilitado como PRE ou PÃ“S Pago.<br><br><span style="font-weight: bold;">30714Cadeira Cadeira Automotiva - 09 a 18Kg - Oxybaby Vermelho/Azul Marinho</span><br>Cadeira Automotiva para Criança - DISPOSITIVO DE RETENÃ‡ÃƒO PARA CRIANÃ‡AS GRUPO I<br>Recomendada para crianças de 9&nbsp; a 18 Kg - de 1 a 5 anos .<br><br><br><br>', 2, '', 0, '0000-00-00 00:00:00', '0000-00-00 00:00:00', '2010-09-20 16:14:23', '0000-00-00 00:00:00', '0000-00-00 00:00:00', 0, '', 1, '', '', '', 0, 0, '', 12, '', '', '', 166, NULL, NULL, 1),
	(74303, 407, '83314', 'LON - Celular Desbloqueado Claro Nokia 2220 Grafite - CÃ¢mera VGA,Radio FM, Fone de Ouvido - Nokia', 'Nokia 2220 slide<br>Este slide compacto de qualidade ajuda vocÃª a se\n                    expressar e oferece maneiras práticas para vocÃª se manter conectado e\n                    organizado. <br>Compatibilidade com Operadoras:Celular Desbloqueado. Necessário o chip SIMCard (não incluso) para habilitação.<br>Este aparelho já está pré-configurado para habilitação em qualquer operadora GSM nacional (Tim, Claro, Oi)<br><br>', 1, '', 0, '2011-03-18 00:00:00', '2011-03-18 15:43:29', '2011-03-21 11:13:26', '0000-00-00 00:00:00', '0000-00-00 00:00:00', 0, 'LON - Celular Nokia 2220 - Grafite', 0, NULL, 'PC', 'N', NULL, 1, 'S', 12, '2220 Grafite', 'C', 'A', 641, '', 0, 1);


INSERT INTO `ProdutoCusto` (`Codigo`, `EAN`, `Fornecedor`, `CodFornecedor`, `PisSaida`, `CofinsSaida`, `CustoMedioProprio`, `CustoMedioTerceiro`, `QtdCompra`, `ValorCompra`, `QtdNaoDisponivel`, `QtdConsignada`, `Ipi`, `IcmsEntrada`, `PisEntrada`, `CofinsEntrada`, `ValorCustoEntrada`, `SubsTributaria`, `Nbm`) VALUES
	(8019, '6438158070943', '', '', 0.00, 0.00, 0.00, 0.00, 0, 0.00, 0, 0, 0.00, 0.00, 0.00, 0.00, 461.23, 0.00, 85171231),
	(13377, '7893299735868', '', '', 0.00, 0.00, 0.00, 0.00, 0, 0.00, 0, 0, 0.00, 0.00, 0.00, 0.00, 270.50, 0.00, 85171231),
	(24551, '7898942794582', '', '', 1.65, 7.60, 0.00, 0.00, 0, 0.00, 0, 0, 0.00, 0.00, 0.00, 0.00, 1033.62, 0.00, 84186940),
	(24561, '7898942794827', '', '', 1.65, 7.60, 0.00, 0.00, 0, 0.00, 0, 0, 0.00, 0.00, 0.00, 0.00, 442.98, 0.00, 84159000),
	(30714, '7898488590921', '', '', 1.65, 7.60, 0.00, 0.00, 0, 0.00, 0, 0, 0.00, 0.00, 0.00, 0.00, 131.67, 0.00, 94017100),
	(83314, '6438158132153', '', '', 0.00, 0.00, 0.00, 0.00, 0, 0.00, 0, 0, 0.00, 0.00, 0.00, 0.00, 137.83, 0.00, 85171231);

INSERT INTO `ProdutoDimensao` (`ProdutoDimensaoId`, `ProdutoId`, `Altura`, `Largura`, `Comprimento`, `Peso`, `AlturaEmbalagem`, `LarguraEmbalagem`, `ComprimentoEmbalagem`, `PesoEmbalagem`) VALUES
	(16870, 16902, 10.65, 5.5, 1.2, 0.088, 0.16, 0.12, 0.7, 0.3),
	(34487, 11774, 10, 4, 2, 0.4, 0.07, 0.019, 0.14, 0.35),
	(41623, 30441, 41, 64, 94, 45, 0.415, 0.645, 0.94, 50),
	(41624, 30451, 43, 31, 1.1, 20, 0.435, 0.315, 1.135, 20),
	(47701, 40461, 1, 1, 1, 1, NULL, NULL, NULL, NULL),
	(47716, 40468, 10.65, 5.5, 1.2, 0.088, NULL, NULL, NULL, NULL),
	(79139, 37499, 441, 36, 815, 5.16, 0.441, 0.36, 0.815, 5.16),
	(104019, 74303, 9.1, 4.7, 1.58, 0.093, 0.114, 0.09, 0.055, 0.195);

INSERT INTO `Produto_CaracteristicaValor` (`ProdutoId`, `CaracteristicaValorId`) VALUES
	(11774, 0),
	(11774, 7580),
	(11774, 7585),
	(11774, 7624),
	(11774, 7625),
	(11774, 7628),
	(11774, 7629),
	(11774, 7631),
	(11774, 7634),
	(11774, 7635),
	(11774, 7639),
	(11774, 7641),
	(11774, 7644),
	(11774, 7648),
	(11774, 7652),
	(11774, 7654),
	(11774, 7657),
	(11774, 7659),
	(11774, 7678),
	(11774, 7680),
	(11774, 7684),
	(11774, 7692),
	(11774, 7694),
	(11774, 7700),
	(11774, 7702),
	(11774, 7704),
	(11774, 7706),
	(11774, 7708),
	(11774, 7710),
	(11774, 8923),
	(11774, 79460),
	(11774, 79500),
	(11774, 80623),
	(11774, 321638),
	(11774, 321639),
	(11774, 321640),
	(11774, 321641),
	(16902, 0),
	(30441, 0),
	(30441, 4804),
	(30441, 4808),
	(30441, 4810),
	(30441, 4819),
	(30441, 4822),
	(30441, 4830),
	(30441, 261857),
	(30441, 261858),
	(30441, 261859),
	(30441, 261860),
	(30441, 261861),
	(30441, 261862),
	(30441, 261863),
	(30441, 261864),
	(30441, 261865),
	(30441, 261866),
	(30441, 261867),
	(30441, 261868),
	(30451, 0),
	(30451, 4804),
	(30451, 4812),
	(30451, 4814),
	(30451, 4816),
	(30451, 4819),
	(30451, 4824),
	(30451, 4830),
	(30451, 4832),
	(30451, 4842),
	(30451, 4845),
	(30451, 4846),
	(30451, 4852),
	(30451, 4854),
	(30451, 262116),
	(30451, 262117),
	(30451, 262118),
	(30451, 262119),
	(30451, 262120),
	(30451, 262121),
	(30451, 262122),
	(30451, 262123),
	(30451, 262124),
	(30451, 262125),
	(30451, 262126),
	(30451, 262127),
	(30451, 262128),
	(30451, 262129),
	(30451, 262130),
	(30451, 262131),
	(30451, 262132),
	(30451, 262133),
	(30451, 262134),
	(30451, 262135),
	(30451, 262136),
	(30451, 262137),
	(30451, 262138),
	(30451, 262139),
	(39056, 321108),
	(39056, 321135),
	(39056, 321139),
	(39056, 321140),
	(39056, 321141),
	(39056, 321142),
	(39056, 321143),
	(39056, 321144),
	(39056, 321146),
	(39056, 321148),
	(39056, 321149),
	(39056, 321154),
	(39056, 321160),
	(39056, 321162),
	(39056, 321164),
	(39056, 321165),
	(39056, 321166),
	(39056, 321169),
	(39056, 321173),
	(39056, 321174),
	(39056, 321179),
	(39056, 321182),
	(39056, 321190),
	(39056, 321195),
	(39056, 321196),
	(39574, 321129),
	(39574, 321139),
	(39574, 321140),
	(39574, 321141),
	(39574, 321142),
	(39574, 321143),
	(39574, 321144),
	(39574, 321152),
	(39574, 321160),
	(39574, 321168),
	(39574, 321174),
	(39574, 321175),
	(39574, 321176),
	(39574, 321179),
	(39574, 321180),
	(39574, 321181),
	(39574, 321182),
	(39574, 321188),
	(40461, 4804),
	(40461, 4812),
	(40461, 4814),
	(40461, 4816),
	(40461, 4819),
	(40461, 4824),
	(40461, 4830),
	(40461, 4832),
	(40461, 4842),
	(40461, 4845),
	(40461, 4846),
	(40461, 4852),
	(40461, 4854),
	(40461, 328079),
	(40461, 328080),
	(40461, 328081),
	(40461, 328082),
	(40461, 328083),
	(40461, 328084),
	(40461, 328085),
	(40461, 328088),
	(40461, 328089),
	(40461, 328090),
	(40461, 328091),
	(40461, 328092),
	(40461, 328093),
	(40461, 328094),
	(40461, 328095),
	(40461, 328096),
	(40461, 328097),
	(40461, 328098),
	(40461, 328100),
	(40461, 328101),
	(40461, 328102),
	(40461, 690475),
	(40461, 697695),
	(40461, 1871196),
	(40461, 1874146),
	(40461, 1874148),
	(40461, 1874150),
	(74303, 7582),
	(74303, 7584),
	(74303, 7624),
	(74303, 7630),
	(74303, 7632),
	(74303, 7634),
	(74303, 7636),
	(74303, 7639),
	(74303, 7645),
	(74303, 7648),
	(74303, 7653),
	(74303, 7654),
	(74303, 7657),
	(74303, 7658),
	(74303, 7661),
	(74303, 7665),
	(74303, 7667),
	(74303, 7669),
	(74303, 7671),
	(74303, 7673),
	(74303, 7675),
	(74303, 7677),
	(74303, 7678),
	(74303, 7681),
	(74303, 7684),
	(74303, 7686),
	(74303, 7689),
	(74303, 7691),
	(74303, 7692),
	(74303, 7694),
	(74303, 7697),
	(74303, 7702),
	(74303, 7704),
	(74303, 7708),
	(74303, 79461),
	(74303, 79501),
	(74303, 80623),
	(74303, 83211),
	(74303, 605676),
	(74303, 605677);


INSERT INTO `Produto_Categoria` (`ProdutoId`, `CategoriaId`, `Principal`) VALUES
  (4221, 1009, 1),
	(11774, 493, 1),
	(11774, 522, 0),
	(16902, 497, 1),
	(30441, 354, 1),
	(30451, 354, 1),
	(37499, 679, 0),
	(37499, 2332, 1),
	(37499, 3503, 0),
	(39056, 1842, 1),
	(39574, 1842, 1),
	(40461, 354, 1),
	(40461, 3889, 0),
	(40461, 4724, 0),
	(40468, 497, 1),
	(74303, 491, 0),
	(74303, 493, 1);

INSERT INTO `Produto_Site` (`ProdutoId`, `SiteId`, `PrecoDe`, `PrecoPor`, `ParcelamentoMaximo`, `Status`, `DataAlteracao`, `UsuarioAlteracao`, `DescontoAVista`, `UrlEspecialId`, `Disponivel`, `AtualizaDados`, `ExcecaoLimpeza`) VALUES
  (4221, 1, 29.9, 4.9, 1, 0, '2013-12-28 09:08:30', 622, 0, null, 1, 1, 0),
	(11774, 1, 799, 549, 10, 1, '2014-10-21 16:30:38', 334, 0, NULL, 1, 1, 0),
	(11774, 2, 799, 549, 10, 0, '2014-10-21 16:30:38', 334, 0, NULL, 1, 1, 0),
	(11774, 4, 0, 22450, 10, 1, '2014-10-21 16:30:38', 86, 0, NULL, 1, 1, 0),
	(11774, 5, 799, 549, 10, 0, '2014-10-21 16:30:38', 334, 0, NULL, 1, 1, 0),
	(11774, 6, 799, 549, 10, 0, '2014-10-21 16:30:38', 334, 0, NULL, 1, 1, 0),
	(11774, 7, 799, 549, 10, 0, '2014-10-21 16:30:38', 334, 0, NULL, 1, 1, 0),
	(11774, 8, 799, 549, 10, 0, '2014-10-21 16:30:38', 334, 0, NULL, 1, 1, 0),
	(11774, 9, 799, 549, 10, 0, '2014-10-21 16:30:38', 334, 0, NULL, 1, 1, 0),
	(11774, 11, 799, 549, 10, 0, '2014-10-21 16:30:38', 334, 0, NULL, 1, 1, 0),
	(11774, 12, 799, 549, 10, 0, '2014-10-21 16:30:38', 334, 0, NULL, 1, 1, 0),
	(11774, 19, 799, 549, 10, 0, '2014-10-21 16:30:38', 334, 0, NULL, 1, 1, 0),
	(11774, 20, 799, 549, 10, 0, '2014-10-21 16:30:38', 194, 0, NULL, 1, 1, 0),
	(11774, 32, 799, 549, 10, 0, '2014-10-21 16:30:38', 334, 0, NULL, 1, 1, 0),
	(11774, 51, 799, 549, 10, 0, '2014-10-21 16:30:38', 334, 0, NULL, 1, 1, 0),
	(16902, 1, 499, 369, 10, 0, '2012-10-19 14:45:34', 390, 0, NULL, 1, 1, 0),
	(16902, 2, 499, 369, 10, 0, '2012-10-19 14:45:34', 390, 0, NULL, 1, 1, 0),
	(16902, 4, 499, 369, 10, 1, '2012-10-19 14:45:34', 390, 0, NULL, 1, 1, 0),
	(16902, 5, 499, 369, 10, 0, '2012-10-19 14:45:34', 390, 0, NULL, 1, 1, 0),
	(16902, 6, 499, 369, 10, 0, '2012-10-19 14:45:34', 390, 0, NULL, 1, 1, 0),
	(16902, 7, 499, 369, 10, 0, '2012-10-19 14:45:34', 358, 0, NULL, 1, 1, 0),
	(16902, 8, 499, 369, 10, 0, '2012-10-19 14:45:34', 65, 0, NULL, 1, 1, 0),
	(16902, 9, 499, 369, 10, 0, '2012-10-19 14:45:34', 390, 0, NULL, 1, 1, 0),
	(16902, 11, 499, 369, 10, 0, '2012-10-19 14:45:34', 390, 0, NULL, 1, 1, 0),
	(16902, 12, 499, 369, 10, 0, '2012-10-19 14:45:34', 390, 0, NULL, 1, 1, 0),
	(16902, 19, 499, 369, 10, 0, '2012-10-19 14:45:34', 390, 0, NULL, 1, 1, 0),
	(16902, 20, 499, 369, 10, 0, '2012-10-19 14:45:34', 390, 0, NULL, 1, 1, 0),
	(16902, 32, 499, 369, 10, 0, '2012-10-19 14:45:34', 390, 0, NULL, 1, 1, 0),
	(16902, 51, 499, 369, 10, 0, '2012-10-19 14:45:34', 390, 0, NULL, 1, 1, 0),
	(30441, 1, 0, 22450, 10, 1, '2014-07-24 09:40:06', 74, 0, NULL, 1, 1, 0),
	(30441, 2, 0, 22450, 10, 0, '2014-07-24 09:40:06', 74, 0, NULL, 1, 1, 0),
	(30441, 5, 0, 22450, 10, 0, '2014-07-24 09:40:06', 74, 0, NULL, 1, 1, 0),
	(30441, 6, 0, 22450, 10, 0, '2014-07-24 09:40:06', 0, 0, NULL, 1, 1, 0),
	(30441, 7, 0, 22450, 10, 0, '2014-07-24 09:40:06', 0, 0, NULL, 1, 1, 0),
	(30441, 8, 100049, 22450, 10, 0, '2014-07-24 09:40:06', 0, 0, NULL, 1, 1, 0),
	(30441, 9, 0, 22450, 10, 0, '2014-07-24 09:40:06', 74, 0, NULL, 1, 1, 0),
	(30441, 11, 0, 22450, 10, 0, '2014-07-24 09:40:06', 0, 0, NULL, 1, 1, 0),
	(30441, 12, 0, 22450, 10, 0, '2014-07-24 09:40:06', 74, 0, NULL, 1, 1, 0),
	(30441, 18, 0, 1099, 10, 0, '2014-07-24 09:40:06', 476, 0, NULL, 1, 1, 0),
	(30441, 19, 0, 22450, 10, 0, '2014-07-24 09:40:06', 96, 0, NULL, 1, 1, 0),
	(30441, 20, 0, 22450, 10, 0, '2014-07-24 09:40:06', 96, 0, NULL, 1, 1, 0),
	(30441, 32, 0, 22450, 10, 0, '2014-07-24 09:40:06', 74, 0, NULL, 1, 1, 0),
	(30441, 51, 0, 22450, 10, 0, '2014-07-24 09:40:06', 74, 0, NULL, 1, 1, 0),
	(30451, 1, 0, 22450, 10, 0, '2014-07-24 10:12:25', 74, 0, NULL, 1, 1, 0),
	(30451, 2, 0, 22450, 10, 0, '2014-07-24 10:12:25', 74, 0, NULL, 1, 1, 0),
	(30451, 5, 0, 22450, 10, 0, '2014-07-24 10:12:25', 74, 0, NULL, 1, 1, 0),
	(30451, 6, 0, 22450, 10, 0, '2014-07-24 10:12:25', 0, 0, NULL, 1, 1, 0),
	(30451, 7, 0, 22450, 10, 0, '2014-07-24 10:12:25', 0, 0, NULL, 1, 1, 0),
	(30451, 8, 1000050, 22450, 10, 0, '2014-07-24 10:12:25', 0, 0, NULL, 1, 1, 0),
	(30451, 9, 0, 22450, 10, 0, '2014-07-24 10:12:25', 74, 0, NULL, 1, 1, 0),
	(30451, 11, 0, 22450, 10, 0, '2014-07-24 10:12:25', 0, 0, NULL, 1, 1, 0),
	(30451, 12, 0, 22450, 10, 0, '2014-07-24 10:12:25', 74, 0, NULL, 1, 1, 0),
	(30451, 18, 0, 1000, 10, 0, '2014-07-24 10:12:25', 476, 0, NULL, 1, 1, 0),
	(30451, 19, 0, 22450, 10, 0, '2014-07-24 10:12:25', 96, 0, NULL, 1, 1, 0),
	(30451, 20, 0, 22450, 10, 0, '2014-07-24 10:12:25', 96, 0, NULL, 1, 1, 0),
	(30451, 32, 0, 22450, 10, 0, '2014-07-24 10:12:25', 74, 0, NULL, 1, 1, 0),
	(30451, 51, 0, 22450, 10, 0, '2014-07-24 10:12:25', 74, 0, NULL, 1, 1, 0),
	(37499, 1, 269.9, 149.9, 10, 0, '2014-09-18 10:44:22', 602, 0, NULL, 1, 1, 0),
	(37499, 2, 269.9, 149.9, 10, 0, '2014-09-18 10:44:22', 602, 0, NULL, 1, 1, 0),
	(37499, 5, 269.9, 149.9, 10, 0, '2014-09-18 10:44:22', 602, 0, NULL, 1, 1, 0),
	(37499, 6, 269.9, 149.9, 10, 0, '2014-09-18 10:44:22', 602, 0, NULL, 1, 1, 0),
	(37499, 7, 269.9, 149.9, 10, 0, '2014-09-18 10:44:22', 602, 0, NULL, 1, 1, 0),
	(37499, 8, 269.9, 149.9, 10, 0, '2014-09-18 10:44:22', 602, 0, NULL, 1, 1, 0),
	(37499, 9, 269.9, 149.9, 10, 0, '2014-09-18 10:44:22', 602, 0, NULL, 1, 1, 0),
	(37499, 11, 269.9, 149.9, 10, 0, '2014-09-18 10:44:22', 602, 0, NULL, 1, 1, 0),
	(37499, 12, 269.9, 149.9, 10, 0, '2014-09-18 10:44:22', 602, 0, NULL, 1, 1, 0),
	(37499, 18, 269.9, 175.9, 10, 0, '2014-09-18 10:44:22', 602, 0, NULL, 1, 1, 0),
	(37499, 19, 269.9, 149.9, 10, 0, '2014-09-18 10:44:22', 602, 0, NULL, 1, 1, 0),
	(37499, 20, 269.9, 149.9, 10, 0, '2014-09-18 10:44:22', 602, 0, NULL, 1, 1, 0),
	(37499, 32, 269.9, 149.9, 10, 0, '2014-09-18 10:44:22', 602, 0, NULL, 1, 1, 0),
	(37499, 51, 269.9, 149.9, 10, 0, '2014-09-18 10:44:22', 602, 0, NULL, 1, 1, 0),
	(39056, 4, 0, 50, 1, 2, '2011-08-12 14:09:48', 11, 0, NULL, 1, 1, 0),
	(39574, 4, 0, 179, 10, 0, '2011-07-26 09:15:26', 145, 0, NULL, 1, 1, 0),
	(40461, 1, 2299, 2099, 10, 0, '2013-11-04 10:10:22', 627, 0, NULL, 1, 1, 0),
	(40461, 2, 2299, 2099, 10, 0, '2013-11-04 10:10:22', 627, 0, NULL, 1, 1, 0),
	(40461, 4, 2599, 2099, 10, 0, '2013-11-04 10:10:22', 627, 0, NULL, 1, 1, 0),
	(40461, 5, 2299, 2099, 10, 0, '2013-11-04 10:10:22', 627, 0, NULL, 1, 1, 0),
	(40461, 6, 2299, 2099, 10, 0, '2013-11-04 10:10:22', 627, 0, NULL, 1, 1, 0),
	(40461, 7, 2399, 2099, 10, 0, '2015-02-07 09:38:32', 358, 0, NULL, 1, 1, 0),
	(40461, 8, 2299, 2099, 10, 0, '2013-11-04 10:10:22', 627, 0, NULL, 1, 1, 0),
	(40461, 9, 2299, 2099, 10, 0, '2013-11-04 10:10:22', 627, 0, NULL, 1, 1, 0),
	(40461, 11, 2299, 2099, 10, 0, '2013-11-04 10:10:22', 627, 0, NULL, 1, 1, 0),
	(40461, 12, 2299, 2099, 10, 0, '2013-11-04 10:10:22', 627, 0, NULL, 1, 1, 0),
	(40461, 18, 2299, 2099, 10, 0, '2013-11-04 10:10:22', 627, 0, NULL, 1, 1, 0),
	(40461, 19, 2299, 2099, 10, 0, '2013-11-04 10:10:22', 627, 0, NULL, 1, 1, 0),
	(40461, 20, 2299, 2099, 10, 0, '2013-03-18 17:11:33', 642, 0, NULL, 1, 1, 0),
	(40461, 32, 2299, 2099, 10, 0, '2013-11-04 10:10:22', 627, 0, NULL, 1, 1, 0),
	(40461, 51, 2299, 2099, 10, 0, '2013-11-04 10:10:22', 627, 0, NULL, 1, 1, 0),
	(40468, 1, 718.9, 649.8, 10, 0, '2010-11-18 16:55:51', 11, 0, NULL, 1, 1, 0),
	(40468, 2, 718.9, 649.8, 10, 0, '2010-11-18 16:55:51', 11, 0, NULL, 1, 1, 0),
	(40468, 4, 718.9, 649.8, 10, 0, '2010-06-04 10:41:07', 166, 0.15, NULL, 1, 1, 0),
	(40468, 5, 718.9, 649.8, 10, 0, '2010-11-18 16:55:51', 11, 0, NULL, 1, 1, 0),
	(40468, 6, 718.9, 649.8, 10, 0, '2010-11-18 16:55:51', 0, 0, NULL, 1, 1, 0),
	(40468, 7, 718.9, 649.8, 10, 0, '2010-11-18 16:55:51', 0, 0, NULL, 1, 1, 0),
	(40468, 8, 718.9, 649.8, 10, 0, '2010-11-18 16:55:51', 0, 0, NULL, 1, 1, 0),
	(40468, 9, 718.9, 649.8, 10, 0, '2010-11-18 16:55:51', 11, 0, NULL, 1, 1, 0),
	(40468, 11, 718.9, 649.8, 10, 0, '2010-11-18 16:55:51', 0, 0, NULL, 1, 1, 0),
	(40468, 12, 718.9, 649.8, 10, 0, '2010-11-18 16:55:51', 0, 0, NULL, 1, 1, 0),
	(40468, 19, 718.9, 649.8, 10, 0, '2010-11-18 16:55:51', 11, 0, NULL, 1, 1, 0),
	(40468, 20, 718.9, 649.8, 10, 0, '2010-11-18 16:55:51', 11, 0, NULL, 1, 1, 0),
	(40468, 32, 718.9, 649.8, 10, 0, '2010-11-18 16:55:51', 11, 0, NULL, 1, 1, 0),
	(40468, 51, 718.9, 649.8, 10, 0, '2010-11-18 16:55:51', 11, 0, NULL, 1, 1, 0),
	(74303, 1, 299, 279, 10, 0, '2014-05-14 18:20:10', 904, 0, NULL, 1, 1, 0),
	(74303, 2, 299, 279, 10, 0, '2014-05-14 18:20:10', 904, 0, NULL, 1, 1, 0),
	(74303, 4, NULL, 0, 1, 1, '2014-02-17 17:59:55', 904, NULL, NULL, 1, 1, 0),
	(74303, 5, 299, 279, 10, 0, '2014-05-14 18:20:10', 904, 0, NULL, 1, 1, 0),
	(74303, 6, 299, 279, 10, 1, '2014-02-20 15:18:19', 414, 0, NULL, 1, 1, 0),
	(74303, 7, 299, 279, 10, 1, '2014-02-20 15:36:55', 358, 0, NULL, 1, 1, 0),
	(74303, 8, 299, 279, 10, 0, '2014-02-20 15:36:55', 358, 0, NULL, 1, 1, 0),
	(74303, 9, 299, 279, 10, 0, '2014-05-14 18:20:10', 904, 0, NULL, 1, 1, 0),
	(74303, 11, 299, 279, 10, 1, '2014-02-20 15:18:19', 414, 0, NULL, 1, 1, 0),
	(74303, 12, 299, 279, 10, 0, '2014-05-14 18:20:10', 904, 0, NULL, 1, 1, 0),
	(74303, 19, 299, 279, 10, 1, '2014-02-20 15:18:19', 414, 0, NULL, 1, 1, 0),
	(74303, 20, 249, 179, 10, 0, '2013-10-22 18:07:10', 334, 0, NULL, 1, 1, 0),
	(74303, 32, 299, 279, 10, 0, '2014-05-14 18:20:10', 904, 0, NULL, 1, 1, 0),
	(74303, 51, 299, 279, 10, 0, '2014-05-14 18:20:10', 904, 0, NULL, 1, 1, 0);

INSERT INTO `FatorCartao` VALUES (1,1,1,1),(2,1,2,0.51724),(3,1,3,0.348715),(4,1,4,0.264475),(5,1,5,0.213947),(6,1,6,0.180277),(7,1,7,0.156239),(8,1,8,0.138221),(9,1,9,0.124217),(10,1,10,0.113022),(11,1,11,0.103871),(12,1,12,0.0962518);

INSERT INTO `Site` (`SiteId`, `Nome`, `Status`, `Url`, `Site`, `ImagemPath`, `Slogan`, `Email`, `ListaCasamentoEmail`, `SiteDomain`, `Grupo`, `NomeFatura`, `Tipo`) VALUES
	(1, 'Ricardo Eletro', 1, 'http://www.ricardoeletro.com.br', 're.dev', 're', 'Preço se faz assim.', 'comunicacao@ricardoeletro.com', 'listadecasamento@ricardoeletro.com', 're', 1, 'RicardoEletro', 1),
	(2, 'Insinuante', 1, 'http://www.insinuante.com.br', 'in.dev', 'in', '', 'comunicacao@insinuante.com.br', 'listadecasamento@insinuante.com.br', 'in', 1, 'Insinuante', 1),
	(4, 'Nokia', 1, 'http://www.lojaonlinenokia.com.br', 'LojaOnlineNokia.com.br', 'nk', 'Connecting People', 'comunicacao@lojaonlinenokia.com.br', NULL, 'nk', 2, 'Nokia', 2),
	(5, 'CityLar', 1, 'http://www.citylar.com.br', 'CityLar.com', 'cl', 'Aqui você manda.', 'comunicacao@citylarcontato.com.br', 'listadecasamento@citylarcontato.com.br', 'cl', 1, 'CityLar', 1),
	(6, 'TricolorEletro', 1, 'http://www.tricoloreletro.com.br', 'TricolorEletro.com', 'spo', 'SP', 'comunicacao@tricoloreletro.com.br', '', 'spo', 3, 'TricolorEletr', 2),
	(7, 'Loja Ricardo Eletro', 1, 'http://www.lfricardoeletro.com.br', 'LFRicardoEletro.com.br', 'lre', 'Preço se faz assim.', 'comunicacao@ricardoeletro.com', '', 'lre', 4, 'RicardoEletro', 1),
	(8, 'Loja CityLar', 1, 'http://www.lfcitylar.com.br', 'LFCityLar.com.br', 'lcl', 'Aqui você manda.', 'comunicacao@citylarcontato.com.br', '', 'lcl', 4, 'CityLar', 1),
	(9, 'Loja Insinuante', 1, 'http://www.lfinsinuante.com.br', 'LFInsinuante', 'lin', NULL, NULL, NULL, 'lin', 4, 'Insinuante', 1),
	(10, 'Clube do Ricardo', 1, 'http://www.clubedoricardo.com.br', 'ClubeDoRicardo.com', 'cr2', 'Está Chegando a Hora de descontos de verdade!', '', '', 'cr2', 5, 'ClubeRicardo', 2),
	(11, 'Gremio Eletro', 1, 'http://www.gremioeletro.com.br', 'GremioEletro.com', 'gre', NULL, NULL, NULL, 'gre', 3, 'Gremio Eletro', 2),
	(12, 'EletroShopping', 1, 'http://www.eletroshopping.com.br', 'EletroShopping.com', 'es', '', 'comunicacao@eletroshopping.com.br', '', 'es', 1, 'EletroShoppin', 1),
	(13, 'SkinCeuticals Brasil', 1, 'http://www.skinceuticals.com.br', 'Skinceuticals.com.br', 'sc', NULL, 'atendimento@skinceuticals.com.br', NULL, 'skinceuticals', 2, 'SkinCeuticals', 2),
	(16, 'e-Colchao', 1, 'http://www.ecolchao.com.br', 'Ecolchao.com.br', 'ec', 'A loja especialista em colchão', 'comunicacao@eletroshopping.com.br', '', 'ec', 7, 'Ecolchao', 2),
	(17, 'Cipela', 1, 'http://www.cipela.com.br', 'Cipela.com.br', 'ci', 'O site que entende você.', 'comunicacao@cipela.com.br', '', 'ci', 6, 'Cipela', 2),
	(18, 'Kangoolu', 1, 'http://www.kangoolu.com.br', 'Kangoolu.com.br', 'kl', '', 'comunicacao@kangoolu.com.br', '', 'kl', 8, 'Kangoolu', 2),
	(19, 'Comercial São Jorge', 1, 'http://www.comercialsaojorge.com.br', 'ComercialSaoJorge.com.br', 'cs', 'Nessa eu boto Fé', 'comunicacao@comercialsaojorge.com.br', '', 'cs', 1, 'C Sao Jorge', 2),
	(20, 'Mala Mix', 1, 'http://www.malamix.com.br', 'MalaMix.com.br', 'mm', '', 'comunicacao@malamix.com.br', '', 'mm', 9, 'MalaMix', 2),
	(21, 'Revex', 1, 'http://www.revex.com', 'Revex.com', 'rvx', 'Integração', '', NULL, 'rvx', 2, 'Revex', 1),
	(22, 'B2B', 1, 'http://b2b.maquinadevendas.corp', 'b2b.maquinadevendas.corp', 'b2b', 'Venda Corporativa', '', NULL, 'b2b', 2, 'B2B', 1),
	(23, 'Skol', 1, 'http://www.skol.com.br', 'Skol.com.br', 'skl', 'Integração', '', NULL, 'skl', 2, 'Skol', 2),
	(24, 'NoNo Hair', 1, 'http://www.lojanono.com.br', 'Lojanono.com.br', 'nn', 'Chegou No!No! sem pelos sem dor', 'comunicacao@lojanono.com.br', NULL, 'nn', 8, 'No No Hair', 2),
	(25, 'La Roche Posay', 1, 'http://www.larocheposay.com.br', 'larocheposay.com.br', 'lrp', 'Loreal', '', '', 'lrp', 2, 'Loreal', 2),
	(26, 'Loreal Vichy', 1, 'http://www.lorealvichy.com.br', 'lorealvichy.com.br', 'lrv', 'Loreal', '', '', 'lrv', 2, 'Loreal', 2),
	(27, 'Loreal Professionnel', 1, 'http://www.lorealprofessionnel.com.br', 'lorealprofessionnel.com.br', 'lpr', 'Loreal', '', '', 'lpr', 2, 'Loreal', 2),
	(28, 'Loreal Kerastase', 1, 'http://www.lorealkerastase.com.br', 'lorealkerastase.com.br', 'lrk', 'Loreal', '', '', 'lrk', 2, 'Loreal', 2),
	(29, 'L’Oreal 4', 1, 'http://www.loreal4you.com.br', 'loreal4you.com.br', 'lrr', 'Loreal', '', '', 'lrr', 2, 'Loreal', 2),
	(30, 'Loreal Lancome', 1, 'http://www.loreallancome.com.br', 'loreallancome.com.br', 'lrm', 'Loreal', '', '', 'lrm', 2, 'Loreal', 2),
	(31, 'Filial 5', 1, 'http://filial5.maquinadevendas.com.br', 'filial5.com.br', 'fll', 'Venda Consumidor Final', '', '', 'fll', 2, 'RicardoEletro', 1),
	(32, 'Mercado Livre RE', 1, 'http://meli.maquinadevendas.com.br', 'Mercado Livre RE', 'meli', 'Vendas Mercado Livre Ricardo Eletro', 'comunicacao@maquinadevendas.com.br', NULL, 'meli', 2, 'Ricardo Eletr', 1),
	(33, 'Som Livre', 1, 'http://www.somlivre.com.br', 'Som Livre', 'lsl', 'Integração', '', '', 'lsl', 2, 'SomLivre', 2),
	(34, 'Mercado Livre IN', 1, 'http://meli.maquinadevendas.com.br', 'Mercado Livre IN', 'meliin', 'Vendas Mercado Livre Insinuante', 'comunicacao@maquinadevendas.com.br', NULL, 'meliin', 2, 'Insinuante', 1),
	(35, 'Mercado Livre CL', 1, 'http://meli.maquinadevendas.com.br', 'Mercado Livre CL', 'melicl', 'Vendas Mercado Livre Citylar', 'comunicacao@maquinadevendas.com.br', NULL, 'melicl', 2, 'Citylar', 1),
	(36, 'Mercado Livre ES', 1, 'http://meli.maquinadevendas.com.br', 'Mercado Livre ES', 'melies', 'Vendas Mercado Livre Eletroshopping', 'comunicacao@maquinadevendas.com.br', NULL, 'melies', 2, 'Eletroshoppin', 1),
	(37, 'Mercado Livre MM', 1, 'http://meli.maquinadevendas.com.br', 'Mercado Livre MM', 'melimm', 'Vendas Mercado Livre Malamix', 'comunicacao@maquinadevendas.com.br', NULL, 'melimm', 2, 'Malamix', 1),
	(38, 'Mercado Livre KL', 1, 'http://meli.maquinadevendas.com.br', 'Mercado Livre KL', 'melikl', 'Vendas Mercado Livre Kangoolu', 'comunicacao@maquinadevendas.com.br', NULL, 'melikl', 2, 'Kangoolu', 1),
	(39, 'Mercado Livre EC', 1, 'http://meli.maquinadevendas.com.br', 'Mercado Livre EC', 'meliec', 'Vendas Mercado Livre Ecolchao', 'comunicacao@maquinadevendas.com.br', NULL, 'meliec', 2, 'Ecolchao', 1),
	(40, 'Mercado Livre CI', 1, 'http://meli.maquinadevendas.com.br', 'Mercado Livre CI', 'melici', 'Vendas Mercado Livre Cipela', 'comunicacao@maquinadevendas.com.br', NULL, 'melici', 2, 'Cipela', 1),
	(50, 'Market Place', 1, NULL, NULL, NULL, NULL, NULL, NULL, 'marketplace', 2, 'Market Place', 1),
	(51, 'Salfer', 1, 'http://www.salfer.com.br', 'Salfer.com', 'sf', NULL, 'comunicacao@salfer.com.br', NULL, 'sf', 1, 'Salfer', 1);

INSERT INTO `Combo` VALUES (30441,40461,1099,1,1),(30441,40461,1099,1,2),(30441,40461,1399.3,1,4),(30441,40461,1099,1,5),(30441,40461,1099,1,6),(30441,40461,1469.3,1,7),(30441,40461,1099,1,8),(30441,40461,1099,1,10),(30441,40461,1099,1,11),(30441,40461,1099,1,12),(30441,40461,1099,1,13),(30441,40461,1099,1,18),(30441,40461,1099,1,19),(30441,40461,1099,1,20),(30441,40461,1099,1,21),(30441,40461,1099,1,22),(30441,40461,1099,1,23),(30441,40461,1099,1,24),(30441,40461,1099,1,25),(30441,40461,1099,1,26),(30441,40461,1099,1,27),(30441,40461,1099,1,28),(30441,40461,1099,1,29),(30441,40461,1099,1,30),(30441,40461,1099,1,32),(30441,40461,1099,1,51),(30451,40461,1000,1,1),(30451,40461,1000,1,2),(30451,40461,699.7,1,4),(30451,40461,1000,1,5),(30451,40461,1000,1,6),(30451,40461,629.7,1,7),(30451,40461,1000,1,8),(30451,40461,1000,1,10),(30451,40461,1000,1,11),(30451,40461,1000,1,12),(30451,40461,1000,1,13),(30451,40461,1000,1,18),(30451,40461,1000,1,19),(30451,40461,1000,1,20),(30451,40461,1000,1,21),(30451,40461,1000,1,22),(30451,40461,1000,1,23),(30451,40461,1000,1,24),(30451,40461,1000,1,25),(30451,40461,1000,1,26),(30451,40461,1000,1,27),(30451,40461,1000,1,28),(30451,40461,1000,1,29),(30451,40461,1000,1,30),(30451,40461,1000,1,32),(30451,40461,1000,1,51);

INSERT INTO riel_producao.ProdutoMedia (ProdutoMediaId, ProdutoId, Src, Mime, Ordem, ThumbNail) VALUES
  (5191, 11774, '8019_5191_20091006175353.jpg', 'jpg', 0, null),
  (16350, 11774, '8019_16350_20091119111159.jpg', 'jpg', 1, null),
  (16351, 11774, '8019_16351_20091119111205.jpg', 'jpg', 2, null),
  (16352, 11774, '8019_16352_20091119111210.jpg', 'jpg', 3, null),
  (16353, 11774, '8019_16353_20091119111216.jpg', 'jpg', 4, null),
  (16355, 11774, '8019_16355_20091119111233.jpg', 'jpg', 5, null),
  (16356, 11774, '8019_16356_20091119111238.jpg', 'jpg', 6, null),
  (7718, 16902, '13377_7718_20091020235031.jpg', 'jpg', 0, null),
  (7719, 16902, '13377_7719_20091020235041.jpg', 'jpg', 1, null),
  (7720, 16902, '13377_7720_20091020235053.jpg', 'jpg', 2, null);